CODGL;Viv;Pob;Viv_par;Pob_viv_part;Viv_col;Pob_viv_col;Pob_sit_calle
22007;130.298;223.554;130.145;221.001;153;2.093;460
22014;107.544;161.645;107.498;160.609;46;999;37
22021;110.368;196.240;110.264;193.537;104;2.455;248
22028;100.986;229.240;100.950;227.024;36;1.596;620
22035;106.054;194.271;105.979;192.449;75;1.812;10
22042;106.725;203.043;106.669;201.764;56;1.237;42
22049;99.708;215.896;99.624;213.262;84;2.366;268
22056;73.037;204.367;73.029;203.888;8;181;298
22063;75.361;169.063;75.315;167.908;46;1.130;25
22070;84.264;173.004;84.220;171.896;44;1.036;72
22077;100.824;204.601;100.777;201.905;47;2.685;11
22084;120.938;236.887;120.868;235.364;70;1.505;18
22091;145.557;264.385;145.490;262.330;67;1.895;160
22098;150.826;248.635;150.774;247.252;52;1.300;83
22105;102.810;196.876;102.752;195.265;58;1.560;51
60007;8.861;17.552;8.840;17.344;21;208;.
60014;5.962;12.914;5.955;12.847;7;67;.
60021;5.893;12.982;5.885;12.906;8;76;.
60028;191.579;584.827;191.524;583.209;55;1.618;.
60035;145.388;367.554;145.330;366.117;58;1.437;.
60042;9.879;21.977;9.864;21.757;15;220;.
60049;31.618;75.905;31.590;75.152;28;753;.
60056;149.008;336.557;148.924;334.505;84;2.049;3
60063;20.472;48.982;20.449;48.516;23;466;.
60070;15.343;40.002;15.305;39.223;38;779;.
60077;12.879;32.215;12.869;32.077;10;138;.
60084;9.372;22.292;9.358;21.185;14;1.107;.
60091;121.135;358.712;121.114;358.328;21;384;.
60098;36.569;100.930;36.557;100.685;12;245;.
60105;17.561;37.594;17.524;37.194;37;398;2
60112;19.838;46.504;19.817;46.227;21;277;.
60119;14.682;32.448;14.675;32.350;7;98;.
60126;41.642;110.566;41.628;107.976;14;2.590;.
60134;27.500;70.684;27.492;70.542;8;142;.
60140;6.359;15.965;6.355;15.882;4;83;.
60147;11.268;23.100;11.259;22.905;9;195;.
60154;5.375;14.079;5.369;14.007;6;72;.
60161;7.291;17.499;7.281;17.345;10;154;.
60168;3.991;9.594;3.988;9.551;3;43;.
60175;10.878;27.504;10.871;27.406;7;98;.
60182;27.777;67.503;27.732;65.823;45;1.680;.
60189;8.401;15.968;8.385;15.795;16;173;.
60196;11.222;24.420;11.194;24.110;28;310;.
60203;19.530;42.110;19.506;41.713;24;397;.
60210;23.995;52.729;23.979;52.409;16;320;.
60218;18.523;42.452;18.497;42.191;26;261;.
60224;31.327;70.839;31.309;70.554;18;285;.
60231;7.619;18.422;7.612;18.328;7;94;.
60238;13.454;32.032;13.445;31.405;9;627;.
60245;24.526;63.997;24.524;63.978;2;19;.
60252;90.354;256.268;90.334;256.071;20;195;2
60260;114.379;338.480;114.348;337.880;31;597;3
60266;17.688;40.159;17.675;40.036;13;123;.
60270;67.423;201.511;67.409;198.620;14;2.891;.
60274;148.989;496.433;148.957;488.103;32;8.327;3
60277;3.978;10.790;3.974;10.759;4;31;.
60280;28.977;45.526;28.946;45.307;31;219;.
60287;4.569;12.631;4.561;10.150;8;2.481;.
60294;7.506;16.350;7.496;16.231;10;119;.
60301;9.647;20.791;9.638;20.674;9;117;.
60308;1.550;3.174;1.547;3.157;3;17;.
60315;9.210;22.624;9.204;22.566;6;58;.
60322;5.319;11.618;5.309;11.535;10;83;.
60329;6.879;18.022;6.868;17.980;11;42;.
60336;1.942;4.870;1.937;4.846;5;24;.
60343;6.710;14.207;6.704;14.141;6;66;.
60351;5.646;12.941;5.639;12.842;7;99;.
60357;343.189;667.082;342.942;660.569;247;6.275;238
60364;50.915;142.709;50.896;142.315;19;331;63
60371;173.717;450.518;173.636;444.503;81;5.977;38
60385;8.173;22.649;8.157;22.530;16;119;.
60392;14.473;35.251;14.453;35.055;20;196;.
60399;5.732;11.801;5.721;11.662;11;139;.
60406;4.505;10.661;4.498;10.581;7;80;.
60408;65.631;185.641;65.615;185.361;16;280;.
60410;65.385;180.232;65.342;177.983;43;2.249;.
60412;99.856;326.992;99.841;326.527;15;438;27
60413;43.688;103.787;43.639;100.964;49;2.823;.
60420;119.493;100.689;119.430;100.400;63;289;.
60427;605.680;1.841.247;605.557;1.837.168;123;3.700;379
60434;181.081;461.267;181.026;460.081;55;1.128;58
60441;332.177;768.547;331.998;756.074;179;12.406;67
60448;5.383;11.646;5.378;11.496;5;143;7
60455;11.717;27.239;11.710;27.136;7;98;5
60462;7.532;17.266;7.519;17.153;13;113;.
60466;3.031;6.221;3.027;6.170;4;51;.
60469;20.106;45.506;20.080;45.191;26;315;.
60476;8.084;18.243;8.073;18.106;11;137;.
60483;16.799;41.760;16.778;41.418;21;342;.
60490;245.763;690.480;245.682;685.644;81;4.680;156
60497;43.283;111.251;43.272;110.111;11;1.140;.
60505;8.873;26.613;8.863;22.653;10;3.960;.
60511;4.898;11.323;4.893;11.253;5;70;.
60515;108.547;350.674;108.522;349.401;25;1.273;.
60518;20.949;33.110;20.932;32.973;17;137;.
60525;22.662;67.011;22.657;64.761;5;2.250;.
60532;30.127;72.980;30.091;71.002;36;1.968;10
60539;187.274;582.486;187.239;581.484;35;980;22
60547;10.558;24.868;10.536;24.616;22;252;.
60553;10.785;8.465;10.781;8.444;4;21;.
60560;192.083;576.632;192.037;575.758;46;820;54
60568;141.287;331.183;141.238;329.517;49;1.623;43
60574;8.310;19.899;8.309;19.888;1;11;.
60581;49.188;102.110;49.150;101.483;38;627;.
60588;22.877;52.607;22.859;52.366;18;241;.
60595;51.366;125.751;51.319;122.011;47;3.740;.
60602;17.545;37.646;17.528;37.499;17;147;.
60609;19.367;44.783;19.352;44.594;15;189;.
60616;3.062;7.143;3.059;7.112;3;31;.
60623;47.332;115.340;47.304;114.988;28;352;.
60630;2.156;4.642;2.153;4.615;3;27;.
60638;137.128;394.754;137.095;393.614;33;1.140;.
60644;30.614;39.449;30.563;39.224;51;225;.
60648;32.344;102.106;32.339;101.994;5;112;.
60651;8.753;16.613;8.739;16.391;14;222;.
60655;6.742;12.297;6.732;12.161;10;136;.
60658;226.056;633.391;225.987;631.774;69;1.574;43
60665;14.852;39.730;14.840;39.648;12;82;.
60672;8.022;16.635;8.010;16.491;12;144;.
60679;8.088;19.849;8.075;19.735;13;114;.
60686;11.461;25.627;11.458;25.619;3;8;.
60693;6.085;13.977;6.082;13.901;3;76;.
60700;10.637;22.347;10.614;21.407;23;940;.
60707;16.329;35.656;16.309;35.423;20;233;.
60714;15.390;39.425;15.381;39.257;9;168;.
60721;4.357;9.427;4.350;9.344;7;83;.
60728;10.993;26.510;10.988;26.399;5;111;.
60735;10.544;26.897;10.537;26.695;7;202;.
60742;4.642;8.994;4.635;8.918;7;76;.
60749;63.969;171.616;63.949;171.099;20;491;26
60756;121.350;297.282;121.287;295.978;63;1.292;12
60760;113.751;328.835;113.702;327.650;49;1.126;59
60763;59.772;168.041;59.734;166.657;38;1.384;.
60770;26.114;68.613;26.093;68.353;21;260;.
60778;34.951;98.215;34.942;97.929;9;286;.
60784;4.949;11.786;4.943;11.736;6;50;.
60791;65.029;145.575;64.951;144.678;78;895;2
60798;4.650;10.783;4.644;10.695;6;88;.
60805;158.930;446.949;158.895;446.291;35;634;24
60812;1.092;2.542;1.090;2.528;2;14;.
60819;8.220;14.810;8.187;14.591;33;219;.
60826;21.557;49.499;21.539;49.128;18;371;.
60833;33.813;62.426;33.768;61.889;45;537;.
60840;149.433;364.176;149.364;362.319;69;1.821;36
60847;4.121;9.164;4.116;9.090;5;74;.
60854;15.460;35.563;15.449;35.411;11;152;.
60861;125.809;282.280;125.737;280.541;72;1.701;38
60868;28.693;37.463;28.655;37.325;38;138;.
60875;13.541;32.717;13.528;32.552;13;164;1
60882;48.731;132.221;48.714;131.415;17;801;5
100007;1.502;1.237;1.500;1.221;2;16;.
100014;905;1.255;902;1.245;3;10;.
100021;522;583;522;583;.;.;.
100028;1.029;2.054;1.025;2.038;4;16;.
100035;1.432;3.302;1.427;3.282;5;20;.
100042;1.937;3.165;1.928;3.142;9;23;.
100049;5.660;16.513;5.646;16.403;14;106;4
100056;1.007;2.022;971;1.822;36;200;.
100063;6.049;16.581;6.041;16.539;8;42;.
100070;632;1.722;630;1.719;2;3;.
100077;617;1.612;615;1.459;2;153;.
100084;1.475;3.542;1.475;3.542;.;.;.
100091;954;2.093;954;2.093;.;.;.
100098;567;1.568;566;1.567;1;1;.
100105;412;1.052;410;1.046;2;6;.
100112;267;791;267;791;.;.;.
100119;653;1.608;651;1.597;2;11;.
100126;2.818;8.012;2.812;8.002;6;10;.
100133;4.505;11.873;4.500;11.469;5;404;.
100140;63.382;186.947;63.346;186.466;36;457;24
100147;1.578;2.849;1.578;2.849;.;.;.
100154;559;1.526;559;1.526;.;.;.
100161;4.679;14.625;4.678;14.624;1;1;.
100168;3.064;8.022;3.059;8.016;5;6;.
100175;6.717;18.348;6.711;18.325;6;23;.
100182;2.655;4.725;2.646;4.696;9;29;.
100185;630;1.235;630;1.235;.;.;.
100189;1.766;4.718;1.763;4.711;3;7;.
100196;2.211;6.307;2.204;6.273;7;34;.
100203;2.617;5.930;2.613;5.902;4;28;.
100210;7.780;20.999;7.757;20.920;23;79;.
100213;2.879;8.767;2.878;8.762;1;5;.
100217;1.768;4.555;1.768;4.555;.;.;.
100224;3.565;8.824;3.551;8.758;14;66;.
100231;6.352;16.571;6.326;16.496;26;75;.
100238;11.267;34.029;11.259;33.951;8;78;.
140000;40.958;70.934;40.936;65.554;22;5.380;.
140007;4.469;9.681;4.465;9.671;4;10;.
140014;1.097;1.834;1.096;1.832;1;2;.
140021;1.326;3.390;1.325;3.374;1;16;.
140028;1.034;1.262;1.031;1.249;3;13;.
140035;10.036;19.125;10.017;19.035;19;90;.
140042;3.285;5.162;3.277;5.086;8;76;.
140049;5.611;11.775;5.599;11.644;12;131;.
140056;1.444;3.911;1.438;3.879;6;32;.
140063;3.183;4.015;3.183;4.015;.;.;.
140070;2.332;3.362;2.332;3.362;.;.;.
140077;613.263;1.505.250;612.979;1.498.060;284;7.090;100
140084;1.907;3.242;1.901;3.229;6;12;1
140091;9.038;25.261;9.030;25.159;8;102;.
140098;2.888;8.154;2.888;8.154;.;.;.
140102;999;2.750;999;2.750;.;.;.
140105;4.114;13.890;4.114;13.890;.;.;.
140112;13.626;36.582;13.614;36.455;12;127;.
140119;15.540;45.689;15.535;45.620;5;69;.
140126;2.570;4.818;2.567;4.810;3;8;.
140133;4.646;16.122;4.644;16.081;2;41;.
140140;5.138;14.718;5.135;14.685;3;33;.
140143;767;2.794;767;2.794;.;.;.
140147;11.166;27.136;11.146;26.873;20;263;.
140154;4.140;12.891;4.135;12.753;5;138;.
140161;6.977;15.997;6.969;15.932;8;65;.
140168;9.339;25.240;9.331;25.171;8;69;.
140175;12.952;36.982;12.936;36.697;16;285;.
140182;12.632;37.001;12.620;34.759;12;2.242;.
140185;615;2.416;615;2.416;.;.;.
140189;1.971;3.494;1.952;3.394;19;100;.
140196;1.188;3.006;1.186;3.001;2;5;.
140203;3.886;10.577;3.880;10.565;6;12;.
140210;846;1.960;843;1.942;3;18;.
140217;1.548;3.721;1.546;3.703;2;18;.
140224;4.129;9.715;4.119;9.635;10;80;.
140231;585;1.157;583;1.141;2;16;.
140238;2.080;5.103;2.078;5.064;2;39;.
140245;884;1.832;884;1.832;.;.;.
140252;2.516;6.345;2.514;6.338;2;7;.
140259;1.320;3.489;1.320;3.489;.;.;.
140266;436;970;436;970;.;.;.
140273;1.425;3.264;1.424;3.223;1;41;.
140280;442;1.044;442;1.044;.;.;.
140287;567;1.215;566;1.206;1;9;.
140294;1.931;4.609;1.929;4.593;2;16;.
140301;747;1.628;746;1.610;1;18;.
140308;284;627;284;627;.;.;.
140315;1.271;3.123;1.270;3.094;1;29;.
140322;255;649;255;649;.;.;.
140329;682;1.605;682;1.605;.;.;.
140336;175;522;175;522;.;.;.
140343;1.130;2.615;1.130;2.615;.;.;.
140350;1.475;3.659;1.475;3.659;.;.;.
140357;45.492;97.815;45.452;96.083;40;1.727;5
140364;9.551;26.359;9.548;26.332;3;27;.
140371;9.370;25.360;9.368;25.340;2;20;.
140378;2.679;6.575;2.675;6.554;4;21;.
140385;2.361;6.108;2.358;6.080;3;28;.
140392;420;1.004;420;1.004;.;.;.
140399;1.045;2.698;1.044;2.689;1;9;.
140406;532;1.270;532;1.270;.;.;.
140413;5.666;14.473;5.661;14.405;5;68;.
140420;4.961;12.711;4.954;12.653;7;58;.
140427;541;1.147;540;1.133;1;14;.
140434;5.871;14.571;5.859;14.492;12;79;.
140441;299;711;299;711;.;.;.
140448;292;670;292;670;.;.;.
140455;734;1.900;734;1.900;.;.;.
140462;1.097;2.685;1.095;2.671;2;14;.
140469;2.474;5.941;2.468;5.907;6;34;.
140476;1.434;3.624;1.430;3.577;4;47;.
140483;3.477;7.580;3.471;7.533;6;47;.
140490;2.144;4.923;2.143;4.897;1;26;.
140497;183;563;183;563;.;.;.
140504;628;1.286;628;1.286;.;.;.
140511;298;732;298;732;.;.;.
140518;5.054;11.062;5.054;11.062;.;.;.
140525;3.401;7.387;3.394;7.335;7;52;.
140532;979;2.307;977;2.296;2;11;.
140539;1.352;2.885;1.351;2.868;1;17;.
140546;1.253;2.520;1.252;2.498;1;22;.
140553;1.752;3.793;1.750;3.763;2;30;.
140560;2.063;4.378;2.063;4.378;.;.;.
140567;5.519;11.433;5.519;11.433;.;.;.
140574;1.391;2.924;1.389;2.905;2;19;.
140581;12.135;28.706;12.123;28.593;12;113;.
140588;2.958;7.187;2.953;7.113;5;74;.
140595;413;917;412;899;1;18;.
140602;1.028;2.181;1.027;2.166;1;15;.
140609;1.159;2.126;1.149;2.074;10;52;.
140616;2.444;5.815;2.441;5.777;3;38;.
140623;632;1.348;631;1.340;1;8;.
140630;9.435;22.609;9.422;22.516;13;93;.
140637;547;1.172;546;1.162;1;10;.
140644;216;486;216;486;.;.;.
140651;1.461;3.464;1.457;3.438;4;26;.
140658;181;526;181;526;.;.;.
140665;5.832;9.910;5.827;9.877;5;33;.
140672;6.431;13.031;6.410;12.849;21;182;.
140679;11.199;25.461;11.171;25.138;28;323;.
140686;3.269;7.986;3.263;7.882;6;104;.
140693;2.936;7.279;2.920;7.216;16;63;.
140700;7.201;16.937;7.172;16.729;29;208;.
140707;675;1.414;674;1.410;1;4;.
140710;3.367;6.129;3.362;6.050;5;79;.
140714;630;1.215;628;1.213;2;2;.
140721;5.311;12.108;5.304;11.903;7;205;.
140728;6.062;11.035;6.059;11.024;3;11;.
140735;2.790;7.369;2.779;7.258;11;111;.
140742;36.208;71.719;36.160;71.280;48;439;.
140749;3.477;7.386;3.477;7.386;.;.;.
140752;1.516;2.857;1.516;2.857;.;.;.
140754;1.689;3.672;1.688;3.671;1;1;.
140756;1.569;2.870;1.569;2.870;.;.;.
140763;3.315;7.975;3.315;7.975;.;.;.
140770;2.721;6.627;2.716;6.590;5;37;.
140777;1.515;1.276;1.515;1.276;.;.;.
140784;3.207;7.432;3.205;7.403;2;29;.
140791;440;1.090;439;1.074;1;16;.
140798;267;618;267;618;.;.;.
140805;739;1.845;738;1.835;1;10;.
140812;4.211;9.608;4.206;9.522;5;86;.
140819;1.433;3.399;1.432;3.384;1;15;.
140826;391;898;391;898;.;.;.
140833;1.072;2.537;1.072;2.537;.;.;.
140840;4.271;10.343;4.261;10.003;10;340;.
140847;431;985;431;985;.;.;.
140854;313;864;313;864;.;.;.
140861;80.683;182.038;80.609;180.724;74;1.288;26
140868;3.980;8.554;3.973;8.505;7;49;.
140875;1.651;4.007;1.649;3.995;2;12;.
140882;1.944;5.057;1.943;5.039;1;18;.
140889;236;603;236;603;.;.;.
140896;4.792;11.712;4.790;11.708;2;4;.
140903;1.796;4.333;1.794;4.325;2;8;.
140910;1.063;2.788;1.063;2.788;.;.;.
140917;5.125;14.938;5.121;14.802;4;136;.
140924;1.155;2.889;1.153;2.871;2;18;.
140931;616;1.617;616;1.617;.;.;.
140938;3.875;11.726;3.873;11.702;2;24;.
140945;3.472;9.327;3.466;9.270;6;57;.
140952;437;1.093;437;1.093;.;.;.
140959;1.203;3.193;1.202;3.185;1;8;.
140966;2.420;6.184;2.417;6.173;3;11;.
140973;1.124;2.940;1.123;2.925;1;15;.
140980;318;841;318;841;.;.;.
140987;192;507;192;507;.;.;.
140994;630;1.561;629;1.547;1;14;.
141001;628;1.548;628;1.548;.;.;.
141008;622;1.480;622;1.480;.;.;.
141015;3.082;7.966;3.078;7.911;4;55;.
141022;713;1.946;712;1.938;1;8;.
141029;2.705;7.082;2.703;7.054;2;28;.
141036;447;1.139;447;1.139;.;.;.
141043;530;1.017;530;1.017;.;.;.
141050;6.437;14.702;6.431;14.593;6;109;.
141057;6.781;18.674;6.770;18.513;11;161;.
141064;2.051;5.302;2.049;5.269;2;33;.
141071;8.008;22.258;7.997;22.171;11;87;.
141078;1.251;3.298;1.251;3.298;.;.;.
141085;7.268;17.680;7.255;17.551;13;129;.
141092;5.713;11.955;5.687;11.857;26;98;.
141099;903;2.169;903;2.169;.;.;.
141106;1.555;4.469;1.555;4.469;.;.;.
141113;4.060;8.426;4.060;8.426;.;.;.
141120;1.619;4.736;1.619;4.736;.;.;.
141127;3.101;5.956;3.100;5.954;1;2;.
141130;1.228;2.862;1.225;2.849;3;13;.
141132;1.166;2.599;1.166;2.599;.;.;.
141134;1.756;2.942;1.750;2.930;6;12;.
141141;1.179;2.803;1.179;2.803;.;.;.
141148;3.138;6.008;3.134;5.999;4;9;.
141155;13.998;34.005;13.982;33.393;16;612;.
141162;1.523;3.529;1.513;3.316;10;213;.
141169;819;2.051;818;2.049;1;2;.
141176;11.065;28.161;11.057;28.058;8;103;.
141183;2.788;6.840;2.782;6.798;6;42;.
141190;4.315;11.419;4.308;11.346;7;73;.
141197;623;1.273;622;1.262;1;11;.
141204;167;372;167;372;.;.;.
141211;621;1.472;620;1.437;1;35;.
141218;242;737;241;638;1;99;.
141225;2.683;7.098;2.679;7.059;4;39;.
141232;594;1.496;594;1.496;.;.;.
141239;640;1.699;636;1.589;4;110;.
141246;1.105;2.397;1.105;2.397;.;.;.
141253;3.208;7.703;3.204;7.659;4;40;4
141260;1.710;4.162;1.708;4.096;2;66;.
141267;439;1.128;439;1.128;.;.;.
141274;621;1.507;620;1.500;1;7;.
141281;603;1.426;603;1.426;.;.;.
141288;8.364;18.849;8.360;18.771;4;78;.
141295;798;2.039;797;2.026;1;13;.
141302;1.319;2.799;1.315;2.791;4;8;.
141309;8.383;20.729;8.377;20.680;6;49;.
141316;2.493;6.253;2.490;6.238;3;15;.
141323;197;432;197;432;.;.;.
141330;1.440;3.401;1.436;3.359;4;42;.
141337;30.327;69.391;30.302;69.065;25;326;.
141344;1.115;2.829;1.112;2.816;3;13;.
141351;294;780;294;780;.;.;.
141358;1.531;3.847;1.531;3.847;.;.;.
141365;891;2.441;891;2.441;.;.;.
141372;22.685;60.695;22.658;60.417;27;278;.
141375;4.724;8.582;4.717;8.525;7;57;.
141377;560;1.729;560;1.729;.;.;.
141379;2.926;7.812;2.924;7.696;2;116;.
141386;483;1.189;483;1.189;.;.;.
141393;9.178;25.918;9.178;25.918;.;.;.
141400;257;592;257;592;.;.;.
141407;2.065;6.367;2.065;6.367;.;.;.
141410;1.868;5.543;1.866;5.515;2;28;.
141414;1.230;3.196;1.229;3.074;1;122;.
141421;5.539;13.235;5.529;13.143;10;92;.
141428;209;516;209;516;.;.;.
141435;793;1.913;793;1.913;.;.;.
141442;685;1.880;685;1.880;.;.;.
141449;5.341;11.897;5.337;11.833;4;64;.
141456;2.521;6.020;2.519;5.996;2;24;.
141463;2.205;5.376;2.202;5.347;3;29;.
141470;218;514;218;514;.;.;.
141477;5.390;13.179;5.380;12.919;10;260;.
141484;698;1.376;697;1.368;1;8;.
141491;21.967;53.416;21.949;53.228;18;188;.
141498;2.488;5.677;2.484;5.650;4;27;.
141505;1.114;2.764;1.112;2.745;2;19;.
141512;520;1.372;520;1.372;.;.;.
141519;821;2.077;821;2.077;.;.;.
141526;459;1.394;459;1.394;.;.;.
141533;876;2.636;876;2.636;.;.;.
141540;4.194;10.928;4.191;10.916;3;12;.
141547;659;1.502;659;1.502;.;.;.
141554;454;1.005;454;1.005;.;.;.
141561;2.469;5.828;2.465;5.823;4;5;.
141568;365;912;365;912;.;.;.
141575;343;638;343;638;.;.;.
141582;887;1.610;885;1.573;2;37;.
141589;479;1.057;478;1.045;1;12;.
141596;1.876;4.782;1.873;4.732;3;50;.
141603;322;699;322;699;.;.;.
141610;15.823;37.995;15.802;37.617;21;378;.
141617;302;849;302;849;.;.;.
141624;3.578;8.390;3.576;8.367;2;23;.
141631;322;893;322;893;.;.;.
141638;682;1.722;681;1.701;1;21;.
141645;135;443;133;420;2;23;.
141652;696;1.737;694;1.715;2;22;.
141659;4.032;9.591;4.030;9.551;2;40;.
141666;2.950;6.609;2.946;6.525;4;84;.
141673;241;571;241;571;.;.;.
141680;3.484;8.460;3.481;8.419;3;41;.
141687;1.804;4.019;1.803;4.001;1;18;.
141694;2.393;5.762;2.390;5.715;3;47;.
141701;1.170;2.949;1.168;2.940;2;9;.
141708;1.241;2.761;1.240;2.745;1;16;.
141715;772;1.838;770;1.812;2;26;.
141722;709;1.796;707;1.782;2;14;.
141729;1.409;3.487;1.409;3.487;.;.;.
141736;720;1.789;713;1.714;7;75;.
141743;698;1.507;696;1.488;2;19;.
142007;647;353;647;353;.;.;.
142014;200;160;194;147;6;13;.
142021;248;149;247;146;1;3;.
142028;122;231;122;231;.;.;.
142035;174;301;174;301;.;.;.
142042;254;460;253;455;1;5;.
142049;2.352;3.111;2.348;3.094;4;17;.
142056;50;94;49;91;1;3;.
142063;467;171;467;171;.;.;.
142070;311;196;311;196;.;.;.
142077;763;854;762;852;1;2;.
142084;1.753;2.740;1.751;2.731;2;9;.
142091;873;490;872;488;1;2;.
142098;135;412;135;412;.;.;.
142105;685;1.827;684;1.826;1;1;.
142126;494;509;494;509;.;.;.
142133;63;155;63;155;.;.;.
142140;182;735;182;735;.;.;.
142147;252;327;251;324;1;3;.
142161;180;425;180;425;.;.;.
142168;65;176;65;176;.;.;.
142175;244;629;244;629;.;.;.
142182;191;295;189;293;2;2;.
142189;281;1.104;281;1.104;.;.;.
142196;200;603;200;603;.;.;.
142203;397;1.197;397;1.197;.;.;.
142210;421;1.135;421;1.135;.;.;.
142217;347;971;347;971;.;.;.
142224;196;368;196;368;.;.;.
142231;26;51;26;51;.;.;.
142238;113;218;113;218;.;.;.
142245;27;60;27;60;.;.;.
142252;199;421;199;421;.;.;.
142259;180;467;180;467;.;.;.
142266;258;323;258;323;.;.;.
142273;238;697;237;687;1;10;.
142280;91;180;91;180;.;.;.
142287;32;66;32;66;.;.;.
142294;210;553;210;553;.;.;.
142301;139;344;139;344;.;.;.
142308;37;75;37;75;.;.;.
142315;51;131;51;131;.;.;.
142322;45;138;45;138;.;.;.
142329;14;38;14;38;.;.;.
142336;208;412;208;412;.;.;.
142343;114;231;114;231;.;.;.
142350;14;42;14;42;.;.;.
142357;321;571;321;571;.;.;.
142364;78;165;78;165;.;.;.
142371;311;562;311;562;.;.;.
142378;125;221;125;221;.;.;.
142385;160;369;160;369;.;.;.
142392;73;110;73;110;.;.;.
142399;62;98;62;98;.;.;.
142406;300;572;300;572;.;.;.
142413;205;319;205;319;.;.;.
142420;54;100;54;100;.;.;.
142427;117;184;116;183;1;1;.
142434;238;359;238;359;.;.;.
142441;140;301;140;301;.;.;.
142448;26;35;26;35;.;.;.
142455;48;103;48;103;.;.;.
142462;84;180;84;180;.;.;.
142469;675;615;674;612;1;3;.
142476;868;1.406;867;1.404;1;2;.
142483;489;820;488;817;1;3;.
142490;451;669;451;669;.;.;.
142497;1.112;2.357;1.112;2.357;.;.;.
142504;1.085;2.876;1.085;2.876;.;.;.
142518;1.338;2.476;1.338;2.476;.;.;.
142525;273;200;273;200;.;.;.
142532;2.123;3.561;2.120;3.556;3;5;.
142553;245;585;245;585;.;.;.
142560;110;193;110;193;.;.;.
142567;730;382;730;382;.;.;.
142574;73;178;73;178;.;.;.
142581;143;369;143;369;.;.;.
142588;176;374;176;374;.;.;.
142595;175;83;175;83;.;.;.
142602;210;550;210;550;.;.;.
142609;76;157;76;157;.;.;.
142616;64;186;64;186;.;.;.
142623;433;1.197;433;1.197;.;.;.
142630;82;171;82;171;.;.;.
142637;39;93;39;93;.;.;.
142644;136;316;136;316;.;.;.
142651;208;542;208;542;.;.;.
142658;91;230;91;230;.;.;.
142665;112;286;112;286;.;.;.
142672;159;475;159;475;.;.;.
142679;148;320;148;320;.;.;.
142686;70;190;69;186;1;4;.
142693;48;121;48;121;.;.;.
142700;119;175;119;175;.;.;.
142707;50;100;50;100;.;.;.
142714;39;56;39;56;.;.;.
142721;35;72;35;72;.;.;.
142728;179;472;179;472;.;.;.
142735;245;307;242;299;3;8;.
142742;101;187;101;187;.;.;.
142749;93;169;93;169;.;.;.
142756;296;818;296;818;.;.;.
142763;130;273;130;273;.;.;.
142770;221;448;221;448;.;.;.
142777;137;293;137;293;.;.;.
142784;383;849;383;849;.;.;.
142791;151;367;151;367;.;.;.
142798;152;428;152;428;.;.;.
142805;43;97;43;97;.;.;.
142812;99;175;99;175;.;.;.
142819;113;264;113;264;.;.;.
142826;236;634;236;634;.;.;.
142833;795;1.307;793;1.268;2;39;.
142840;673;1.413;673;1.413;.;.;.
142847;372;735;372;735;.;.;.
142854;599;974;599;974;.;.;.
142861;214;243;214;243;.;.;.
142868;1.251;2.200;1.251;2.200;.;.;.
142875;666;1.709;666;1.709;.;.;.
142882;233;685;233;685;.;.;.
142889;155;341;155;341;.;.;.
142896;427;783;423;770;4;13;.
142917;1.265;1.901;1.264;1.891;1;10;.
142924;1.094;2.142;1.094;2.142;.;.;.
142931;6;9;6;9;.;.;.
142938;16;19;16;19;.;.;.
142945;85;256;85;256;.;.;.
142952;60;124;60;124;.;.;.
142959;94;249;94;249;.;.;.
142966;110;225;110;225;.;.;.
142973;104;210;104;210;.;.;.
142980;35;85;35;85;.;.;.
143001;411;488;411;488;.;.;.
143008;914;2.066;914;2.066;.;.;.
143015;422;748;420;744;2;4;.
143022;303;287;303;287;.;.;.
143029;136;230;135;228;1;2;.
143036;500;598;496;587;4;11;.
143043;482;1.595;482;1.595;.;.;.
143050;3.000;2.268;3.000;2.268;.;.;.
143057;249;636;249;636;.;.;.
143064;322;211;321;203;1;8;.
143071;1.150;1.829;1.150;1.829;.;.;.
143078;937;1.145;936;1.143;1;2;.
143085;1.574;4.051;1.573;4.042;1;9;.
143092;919;1.456;919;1.456;.;.;.
143099;1.247;1.554;1.244;1.546;3;8;.
143113;458;607;458;607;.;.;.
143120;194;332;194;332;.;.;.
143127;44;84;44;84;.;.;.
143134;145;348;145;348;.;.;.
143141;160;337;160;337;.;.;.
143148;93;262;93;262;.;.;.
143155;95;264;95;264;.;.;.
143162;89;237;89;237;.;.;.
143169;91;112;91;112;.;.;.
143176;202;555;202;555;.;.;.
143183;356;882;356;882;.;.;.
143190;48;125;48;125;.;.;.
143197;209;443;209;443;.;.;.
143204;108;93;108;93;.;.;.
143211;90;206;90;206;.;.;.
143218;116;219;116;219;.;.;.
143225;57;157;57;157;.;.;.
143232;75;215;75;215;.;.;.
143239;129;290;129;290;.;.;.
143246;16;25;16;25;.;.;.
180007;13.336;41.358;13.328;41.321;8;33;4
180010;1.072;3.048;1.072;3.048;.;.;.
180014;1.269;2.826;1.263;2.808;6;18;.
180021;141.256;430.170;141.183;428.346;73;1.780;44
180028;2.492;7.652;2.492;7.652;.;.;.
180035;4.003;13.480;4.002;13.471;1;9;.
180042;2.087;6.253;2.086;6.250;1;1;2
180049;997;3.351;997;3.351;.;.;.
180056;1.010;3.198;1.010;3.198;.;.;.
180059;392;1.270;392;1.270;.;.;.
180063;15.483;44.294;15.476;44.251;7;43;.
180070;2.204;5.968;2.204;5.968;.;.;.
180073;607;1.694;607;1.694;.;.;.
180077;5.309;14.903;5.308;14.883;1;20;.
180081;462;1.371;462;1.371;.;.;.
180084;11.070;35.339;11.069;35.322;1;17;.
180091;1.442;3.846;1.442;3.846;.;.;.
180098;3.195;8.816;3.185;8.722;10;94;.
180105;152;329;152;329;.;.;.
180112;2.996;8.578;2.996;8.578;.;.;.
180119;2.218;5.388;2.217;5.384;1;4;.
180126;526;1.440;526;1.440;.;.;.
180133;553;1.614;553;1.614;.;.;.
180137;1.085;2.489;1.085;2.489;.;.;.
180140;32.410;98.514;32.396;98.368;14;143;3
180143;1.845;5.368;1.843;5.366;2;2;.
180147;3.444;10.345;3.437;10.281;7;58;6
180154;495;1.665;495;1.665;.;.;.
180161;1.433;4.423;1.433;4.423;.;.;.
180168;10.952;27.487;10.942;27.417;10;65;5
180175;699;1.809;699;1.809;.;.;.
180182;1.209;3.585;1.209;3.585;.;.;.
180186;471;1.533;471;1.533;.;.;.
180188;397;1.305;397;1.305;.;.;.
180189;544;1.702;543;1.699;1;3;.
180196;1.406;4.653;1.406;4.653;.;.;.
180203;2.641;9.236;2.639;9.208;2;28;.
180210;5.936;20.163;5.934;20.152;2;11;.
180217;967;3.389;967;3.389;.;.;.
180224;4.515;11.568;4.511;11.541;4;27;.
180231;762;2.368;762;2.368;.;.;.
180238;1.008;2.561;1.008;2.561;.;.;.
180245;14.855;44.953;14.846;44.878;9;75;.
180252;630;1.670;630;1.670;.;.;.
180259;943;2.991;943;2.991;.;.;.
180266;3.413;9.535;3.413;9.535;.;.;.
180273;10.423;31.474;10.418;31.406;5;68;.
180280;475;1.372;475;1.369;.;.;3
180287;333;877;333;877;.;.;.
180294;17.732;53.969;17.719;53.761;13;208;.
180301;259;771;259;771;.;.;.
180308;6.609;22.347;6.599;22.275;10;72;.
180315;1.433;4.592;1.433;4.592;.;.;.
180318;748;2.259;748;2.259;.;.;.
180322;6.117;8.765;6.117;8.765;.;.;.
180329;2.383;6.206;2.380;6.179;3;27;.
180336;2.087;4.735;2.087;4.735;.;.;.
180343;323;968;323;968;.;.;.
180350;6.458;20.491;6.454;20.413;4;78;.
180357;398;1.120;394;1.113;4;7;.
180364;338;991;336;989;2;2;.
180371;3.989;10.663;3.988;10.655;1;8;.
180378;947;2.413;944;2.407;3;6;.
180385;1.267;3.526;1.265;3.513;2;13;.
180392;2.876;9.187;2.876;9.187;.;.;.
180399;1.268;3.402;1.268;3.402;.;.;.
180406;756;2.496;754;2.476;2;20;.
180413;1.089;3.438;1.089;3.438;.;.;.
180417;821;2.680;821;2.680;.;.;.
180420;3.366;10.699;3.365;10.686;1;13;.
180427;412;1.081;412;1.081;.;.;.
180434;12.477;37.202;12.476;37.198;1;4;.
180441;589;1.765;589;1.765;.;.;.
180448;12.453;31.879;12.452;31.878;1;1;.
180455;3.527;10.382;3.527;10.382;.;.;.
189998;538;1.448;538;1.448;.;.;.
220007;2.381;6.360;2.380;6.357;1;3;.
220014;3.106;8.176;3.103;8.161;3;15;.
220021;4.676;12.089;4.671;12.061;5;28;.
220028;4.237;11.226;4.235;11.215;2;11;.
220035;1.326;3.593;1.326;3.593;.;.;.
220042;847;2.335;846;2.326;1;9;.
220049;4.606;12.609;4.602;12.581;4;28;.
220056;2.592;6.841;2.586;6.805;6;36;.
220063;897;2.207;896;2.197;1;10;.
220070;172;559;171;558;1;1;.
220077;37.336;101.960;37.317;101.086;19;868;6
220084;12.909;34.598;12.899;34.493;10;105;.
220091;2.036;5.829;2.036;5.829;.;.;.
220098;163;443;163;443;.;.;.
220105;6.013;16.950;6.010;16.907;3;43;.
220112;3.651;8.319;3.648;8.310;3;9;.
220119;518;1.404;518;1.404;.;.;.
220126;3.582;9.249;3.580;9.239;2;6;4
220133;4.378;12.807;4.378;12.807;.;.;.
220140;1.648;4.397;1.645;4.384;3;13;.
220147;489;1.512;489;1.512;.;.;.
220154;1.052;3.142;1.049;3.129;3;13;.
220161;2.263;6.045;2.261;6.036;2;9;.
220165;623;1.538;621;1.526;2;12;.
220168;2.804;8.366;2.801;8.360;3;6;.
220175;1.454;3.775;1.453;3.773;1;2;.
220182;11.739;31.103;11.738;31.102;1;1;.
220189;3.866;9.925;3.861;9.898;5;27;.
220196;1.954;5.317;1.949;5.306;5;11;.
220203;3.580;8.501;3.576;8.464;4;37;.
220210;2.408;7.349;2.408;7.349;.;.;.
220217;3.859;11.448;3.851;11.405;8;43;.
220224;1.263;3.199;1.262;3.194;1;5;.
220231;220;566;220;566;.;.;.
220238;379;1.045;379;1.045;.;.;.
220245;4.075;12.196;4.071;12.164;4;32;.
220252;499;1.261;497;1.252;2;9;.
220259;12.418;35.790;12.405;35.487;13;252;51
220266;727;1.911;726;1.908;1;3;.
220273;648;1.757;647;1.753;1;4;.
220280;637;1.564;635;1.557;2;7;.
220287;5.933;18.284;5.928;18.239;5;40;5
220294;1.856;5.119;1.853;5.108;3;8;3
220301;9.571;26.416;9.568;26.354;3;53;9
220308;3.584;9.665;3.582;9.652;2;13;.
220315;338;776;338;776;.;.;.
220322;18.271;49.524;18.264;49.370;7;154;.
220329;11.527;30.258;11.524;30.223;3;35;.
220336;1.514;4.154;1.512;4.146;2;8;.
220343;1.604;4.563;1.603;4.562;1;1;.
220350;4.449;12.862;4.446;12.836;3;26;.
220357;5.101;13.956;5.098;13.938;3;18;.
220364;2.462;5.824;2.462;5.824;.;.;.
220371;3.233;8.455;3.231;8.441;2;14;.
220378;11.485;32.642;11.476;32.430;9;212;.
220385;20.072;59.846;20.065;59.655;7;191;.
220392;1.421;3.844;1.419;3.836;2;8;.
220399;13.142;40.660;13.135;40.561;7;99;.
220406;3.709;11.150;3.707;11.101;2;49;.
220413;112.112;300.640;112.049;298.611;63;2.002;27
220420;721;1.901;721;1.901;.;.;.
220427;5.502;14.161;5.500;14.144;2;17;.
220434;933;2.664;932;2.661;1;3;.
220441;2.030;5.764;2.026;5.745;4;19;.
220448;1.595;4.308;1.592;4.297;3;11;.
220455;2.396;6.057;2.392;5.993;4;64;.
220462;629;1.696;628;1.694;1;2;.
220469;935;2.363;932;2.357;3;6;.
220473;375;1.289;373;1.269;2;20;.
220476;10.865;31.504;10.851;31.337;14;167;.
260000;3.705;5.339;3.696;5.057;9;282;.
260007;40.426;102.505;40.384;102.155;42;306;44
260014;1.423;2.831;1.421;2.827;2;4;.
260021;1.872;4.210;1.870;4.206;2;4;.
260028;2.150;4.885;2.142;4.857;8;28;.
260035;1.245;2.413;1.245;2.413;.;.;.
260042;4.576;10.083;4.566;10.054;10;29;.
260049;77.175;201.854;77.130;201.230;45;624;.
260056;5.744;13.494;5.744;13.494;.;.;.
260063;739;1.638;738;1.634;1;4;.
260070;762;1.616;760;1.611;2;5;.
260077;15.215;37.261;15.181;37.012;34;249;.
260084;4.538;10.812;4.517;10.726;21;86;.
260091;1.646;3.967;1.644;3.960;2;7;.
260098;3.061;7.851;3.053;7.755;8;96;.
260105;582;1.259;580;1.251;2;8;.
260112;17.545;38.652;17.524;38.129;21;523;.
260119;43.188;106.796;43.153;106.218;35;578;.
260126;888;1.701;886;1.689;2;12;.
260133;1.224;3.164;1.224;3.164;.;.;.
260140;5.535;14.394;5.523;14.275;12;119;.
260147;1.276;2.717;1.272;2.704;4;13;.
260154;853;1.610;849;1.592;4;18;.
260161;727;1.300;727;1.300;.;.;.
265007;543;1.045;541;1.038;2;7;.
265014;258;609;254;579;4;30;.
265021;605;1.367;604;1.365;1;2;.
265028;243;524;237;507;6;17;.
268014;354;983;350;961;4;22;.
268021;102;80;102;80;.;.;.
268028;109;183;108;182;1;1;.
268035;338;612;336;608;2;4;.
268042;118;154;118;154;.;.;.
268049;104;166;104;166;.;.;.
268056;198;320;198;320;.;.;.
268063;136;246;136;246;.;.;.
268070;256;514;253;500;3;14;.
268077;253;589;251;579;2;10;.
268084;120;202;120;202;.;.;.
268091;96;199;96;199;.;.;.
268098;117;234;117;234;.;.;.
268105;133;256;132;255;1;1;.
268112;113;227;113;227;.;.;.
268119;57;88;57;88;.;.;.
268126;351;768;349;756;2;12;.
268133;369;577;367;574;2;3;.
268140;75;142;74;137;1;5;.
268147;99;184;99;184;.;.;.
300000;8.734;17.851;8.724;17.749;10;102;.
300007;13.486;31.744;13.439;31.555;47;189;.
300011;547;1.641;547;1.641;.;.;.
300014;9.002;22.309;8.995;22.213;7;96;.
300021;1.073;3.240;1.073;3.240;.;.;.
300028;5.681;12.524;5.672;12.432;9;92;.
300035;907;2.588;907;2.588;.;.;.
300042;62.496;180.325;62.435;179.181;61;1.144;.
300049;1.140;3.119;1.139;3.089;1;30;.
300056;806;2.345;806;2.345;.;.;.
300063;1.464;3.867;1.463;3.862;1;5;.
300070;974;1.980;974;1.980;.;.;.
300074;937;1.322;937;1.322;.;.;.
300077;1.537;3.189;1.536;3.159;1;30;.
300084;8.406;21.562;8.395;21.329;11;233;.
300091;4.535;10.796;4.533;10.777;2;19;.
300098;3.994;9.419;3.977;8.499;17;920;.
300105;15.562;41.884;15.550;41.709;12;175;.
300112;6.612;19.938;6.580;19.758;32;97;83
300115;512;1.537;510;1.500;2;37;.
300119;1.843;4.841;1.841;4.826;2;15;.
300126;769;1.991;769;1.991;.;.;.
300133;1.488;4.401;1.488;4.401;.;.;.
300140;676;1.815;675;1.809;1;6;.
300147;7.592;21.638;7.583;21.420;9;218;.
300154;1.371;3.270;1.370;3.268;1;2;.
300161;4.924;14.440;4.920;14.404;4;36;.
300168;2.325;5.808;2.324;5.784;1;24;.
300175;19.228;48.163;19.201;47.693;27;470;.
300182;798;1.771;796;1.720;2;51;.
300184;636;1.326;636;1.326;.;.;.
300185;484;1.020;484;1.020;.;.;.
300189;37.740;95.337;37.701;94.776;39;561;.
300196;3.032;7.617;3.028;7.596;4;21;.
300199;1.695;3.660;1.684;3.638;11;22;.
300203;4.610;10.397;4.604;10.308;6;89;.
300210;931;2.538;931;2.538;.;.;.
300217;2.130;5.688;2.127;5.682;3;6;.
300224;2.414;4.758;2.413;4.748;1;10;.
300231;1.138;2.943;1.137;2.935;1;8;.
300238;3.310;9.633;3.307;9.611;3;22;.
300245;10.977;30.858;10.970;30.834;7;24;.
300252;818;2.087;818;2.087;.;.;.
300255;745;1.999;744;1.986;1;13;.
300259;6.646;20.538;6.638;20.471;8;67;.
300266;865;2.165;865;2.165;.;.;.
300273;992;2.034;992;2.034;.;.;.
300280;2.313;5.058;2.309;5.044;4;14;.
300287;10.264;27.493;10.252;27.353;12;140;.
300291;546;1.394;545;1.384;1;10;.
300294;2.511;6.398;2.508;6.369;3;29;.
300297;3.184;9.276;3.184;9.276;.;.;.
300301;10.261;24.570;10.247;24.395;14;175;.
300305;452;1.166;452;1.166;.;.;.
300308;2.031;5.620;2.029;5.579;2;41;.
300315;2.514;6.539;2.513;6.528;1;11;.
300322;3.812;9.339;3.802;9.288;10;51;.
300329;3.971;7.581;3.966;7.525;5;56;.
300336;106.725;271.304;106.635;268.941;90;2.293;70
300340;504;1.234;502;1.204;2;30;.
300343;5.836;16.830;5.836;16.830;.;.;.
300350;1.997;4.510;1.995;4.498;2;12;.
300357;697;1.763;697;1.763;.;.;.
300364;4.216;11.204;4.210;11.141;6;63;.
300371;1.175;1.794;1.173;1.769;2;25;.
300378;1.424;3.712;1.422;3.705;2;7;.
300385;5.893;16.251;5.885;16.190;8;61;.
300392;1.396;2.992;1.395;2.974;1;18;.
300399;3.234;8.346;3.233;8.324;1;22;.
300406;6.957;16.813;6.947;16.635;10;178;.
300413;4.297;10.683;4.286;10.613;11;70;.
300420;1.154;2.823;1.153;2.808;1;15;.
300423;673;1.474;673;1.474;.;.;.
300427;35.659;86.735;35.631;86.016;28;706;13
300434;943;2.131;943;2.131;.;.;.
300437;563;1.290;563;1.290;.;.;.
300441;652;1.656;652;1.656;.;.;.
300448;968;2.353;968;2.353;.;.;.
300455;901;1.669;900;1.647;1;22;.
300462;815;1.697;813;1.683;2;14;.
300469;15.481;36.973;15.470;36.651;11;322;.
300476;1.106;3.170;1.106;3.170;.;.;.
300483;717;1.815;715;1.805;2;10;.
300490;15.882;42.215;15.866;41.749;16;466;.
302007;334;749;333;740;1;9;.
302042;107;285;107;285;.;.;.
302077;305;972;305;972;.;.;.
302084;373;635;373;635;.;.;.
302091;298;821;298;821;.;.;.
302112;352;812;351;808;1;4;.
302126;259;567;259;567;.;.;.
302133;918;972;917;895;1;77;.
302161;336;738;336;738;.;.;.
302175;516;1.162;516;1.162;.;.;.
302287;255;520;255;520;.;.;.
302376;247;658;246;608;1;50;.
302383;240;452;238;449;2;3;.
302411;388;798;388;798;.;.;.
302453;106;303;106;303;.;.;.
302512;184;369;183;365;1;4;.
302526;183;366;183;366;.;.;.
302596;259;685;259;685;.;.;.
302638;251;646;251;646;.;.;.
302666;157;428;157;428;.;.;.
302780;275;688;274;616;1;72;.
302787;213;322;213;322;.;.;.
302808;257;547;257;547;.;.;.
302836;249;527;249;527;.;.;.
302843;129;338;129;338;.;.;.
302899;135;238;135;238;.;.;.
302927;167;374;167;374;.;.;.
302941;261;556;261;556;.;.;.
302948;179;455;179;455;.;.;.
302955;345;840;343;800;2;40;.
302962;147;387;147;387;.;.;.
302976;184;404;183;347;1;57;.
302999;354;643;354;643;.;.;.
303020;1.234;1.559;1.233;1.542;1;17;.
303027;77;151;77;151;.;.;.
303034;119;265;119;265;.;.;.
303041;107;280;107;280;.;.;.
303091;228;594;228;594;.;.;.
303098;175;297;175;297;.;.;.
303112;285;606;285;606;.;.;.
303119;151;308;151;308;.;.;.
303154;283;639;283;639;.;.;.
303161;241;435;241;435;.;.;.
303175;240;537;240;537;.;.;.
303182;244;511;244;511;.;.;.
303189;380;863;380;863;.;.;.
303245;280;643;280;643;.;.;.
303252;289;625;289;625;.;.;.
303273;306;863;304;827;2;36;.
303280;334;842;334;842;.;.;.
303329;284;796;284;796;.;.;.
309007;129;231;129;231;.;.;.
309010;84;154;84;154;.;.;.
309015;262;570;262;570;.;.;.
309029;198;503;198;503;.;.;.
309035;98;167;98;167;.;.;.
309045;166;385;165;365;1;20;.
309050;224;515;224;515;.;.;.
309055;161;585;161;585;.;.;.
309070;68;153;68;153;.;.;.
309080;52;122;52;122;.;.;.
309090;111;283;111;283;.;.;.
309105;258;554;258;554;.;.;.
309110;179;462;179;462;.;.;.
309120;506;603;506;603;.;.;.
309125;197;480;197;480;.;.;.
309135;135;392;135;392;.;.;.
309140;155;421;155;421;.;.;.
309143;130;346;130;346;.;.;.
309145;72;110;72;110;.;.;.
309150;124;310;124;310;.;.;.
309155;185;485;185;485;.;.;.
309160;62;139;62;139;.;.;.
309175;227;636;227;636;.;.;.
309180;175;418;175;418;.;.;.
309185;43;120;43;120;.;.;.
309190;80;144;80;144;.;.;.
309192;55;127;55;127;.;.;.
309193;96;169;96;169;.;.;.
309195;159;233;159;233;.;.;.
309205;59;132;59;132;.;.;.
309220;190;437;190;437;.;.;.
309230;294;656;294;656;.;.;.
309245;124;367;124;367;.;.;.
309250;112;251;112;251;.;.;.
309280;123;262;122;252;1;10;.
309302;103;180;103;180;.;.;.
309330;78;282;77;63;1;219;.
309340;45;83;45;83;.;.;.
309345;54;62;54;62;.;.;.
309355;69;81;69;81;.;.;.
309365;98;194;98;194;.;.;.
309375;59;91;59;91;.;.;.
309395;37;60;37;60;.;.;.
309400;40;35;40;35;.;.;.
309405;277;656;277;656;.;.;.
309415;107;243;107;243;.;.;.
309420;200;419;200;419;.;.;.
309430;36;97;36;97;.;.;.
309440;110;302;110;302;.;.;.
309445;13;36;13;36;.;.;.
309450;75;247;74;245;1;2;.
309460;129;292;129;292;.;.;.
309465;117;320;117;320;.;.;.
309480;51;133;51;133;.;.;.
309485;119;173;119;173;.;.;.
309495;72;202;72;202;.;.;.
309497;54;167;54;167;.;.;.
309500;191;434;191;434;.;.;.
309505;132;410;132;410;.;.;.
309510;244;647;244;647;.;.;.
309515;122;305;122;305;.;.;.
309520;213;457;213;457;.;.;.
309525;284;663;284;663;.;.;.
309540;56;132;56;132;.;.;.
309545;158;349;158;349;.;.;.
309560;140;354;140;354;.;.;.
309565;61;163;61;163;.;.;.
309575;84;165;84;165;.;.;.
309585;129;286;129;286;.;.;.
309590;131;346;131;346;.;.;.
309605;113;269;113;269;.;.;.
309610;108;271;108;271;.;.;.
309615;139;306;139;306;.;.;.
309620;20;33;20;33;.;.;.
309625;68;103;68;103;.;.;.
309635;90;200;90;200;.;.;.
309650;108;271;108;271;.;.;.
309670;33;34;33;34;.;.;.
309685;82;193;82;193;.;.;.
309705;131;233;131;233;.;.;.
309710;123;280;123;280;.;.;.
309715;101;203;101;203;.;.;.
309730;190;436;190;436;.;.;.
309735;78;183;78;183;.;.;.
309770;109;150;109;150;.;.;.
309775;26;88;26;88;.;.;.
309780;104;238;104;238;.;.;.
309785;93;234;93;234;.;.;.
309790;88;160;88;160;.;.;.
309795;122;223;122;223;.;.;.
309820;31;64;31;64;.;.;.
309825;93;104;93;104;.;.;.
309832;79;139;79;139;.;.;.
309880;55;122;55;122;.;.;.
309885;66;129;66;129;.;.;.
309890;41;41;41;41;.;.;.
309895;43;55;43;55;.;.;.
309917;62;143;62;143;.;.;.
309920;167;392;167;392;.;.;.
309935;498;1.246;498;1.246;.;.;.
309940;229;541;229;541;.;.;.
309945;322;833;322;833;.;.;.
309950;390;872;390;872;.;.;.
309955;256;598;256;598;.;.;.
309957;165;316;165;316;.;.;.
309965;436;1.029;436;1.029;.;.;.
340007;3.229;7.936;3.227;7.921;2;15;.
340028;94.564;264.452;94.518;263.435;46;1.017;.
340049;1.413;3.579;1.412;3.575;1;4;.
340056;1.757;4.133;1.757;4.133;.;.;.
340063;3.401;8.828;3.397;8.804;4;24;.
340070;1.066;2.521;1.066;2.521;.;.;.
340077;5.969;17.042;5.967;17.027;2;15;.
340091;3.847;10.206;3.845;10.189;2;17;.
340098;2.694;7.045;2.694;7.045;.;.;.
340112;2.746;7.067;2.746;7.067;.;.;.
340119;2.104;5.362;2.103;5.358;1;4;.
340126;4.618;11.722;4.618;11.722;.;.;.
340133;8.143;22.186;8.136;22.020;7;166;.
340140;3.003;8.165;3.000;8.141;3;24;.
340147;2.118;5.264;2.117;5.263;1;1;.
340168;2.474;6.613;2.472;6.594;2;19;.
340175;1.809;5.052;1.808;5.048;1;4;.
340189;19.389;60.171;19.379;59.935;10;236;.
340196;5.460;14.583;5.459;14.572;1;11;.
340203;3.269;9.355;3.268;9.348;1;7;.
340210;2.958;7.480;2.957;7.469;1;11;.
340224;7.107;18.201;7.104;18.068;3;133;.
340231;3.968;9.637;3.966;9.610;2;27;.
340238;3.590;10.365;3.586;10.319;4;46;.
340245;9.566;27.378;9.559;27.344;7;34;.
340252;2.823;7.065;2.823;7.065;.;.;.
340259;4.428;16.063;4.419;16.035;9;28;.
345007;809;1.747;809;1.747;.;.;.
345014;589;1.489;589;1.489;.;.;.
345021;999;2.478;998;2.474;1;4;.
345028;732;1.613;732;1.613;.;.;.
345035;1.606;6.029;1.602;5.979;4;50;.
345042;1.529;3.872;1.529;3.872;.;.;.
345049;915;2.475;913;2.466;2;9;.
345056;1.112;3.016;1.112;3.016;.;.;.
345063;1.834;4.598;1.832;4.594;2;4;.
345070;1.040;2.631;1.039;2.629;1;2;.
380014;4.909;12.513;4.900;12.482;9;31;.
380035;101.406;312.446;101.375;310.943;31;1.421;82
380042;3.176;8.544;3.174;8.526;2;18;.
380049;1.277;4.635;1.277;4.635;.;.;.
380056;7.004;22.438;7.003;22.437;1;1;.
380063;6.920;23.878;6.920;23.878;.;.;.
380070;1.429;4.907;1.429;4.907;.;.;.
380074;1.434;5.088;1.434;5.088;.;.;.
380077;17.709;61.420;17.700;61.314;9;106;.
380091;858;1.362;858;1.362;.;.;.
380105;6.019;15.992;6.006;15.955;13;37;.
380119;1.696;6.303;1.695;6.295;1;8;.
380126;3.937;12.318;3.937;12.318;.;.;.
380133;5.388;17.682;5.382;17.628;6;54;.
380140;15.625;48.518;15.618;48.467;7;51;.
380147;2.695;9.431;2.694;9.424;1;7;.
380154;20.537;65.541;20.534;65.522;3;19;.
380161;2.778;6.729;2.778;6.729;.;.;.
380196;2.361;6.887;2.360;6.884;1;3;.
380203;1.422;4.581;1.422;4.581;.;.;.
380224;23.407;72.015;23.406;72.014;1;1;.
380238;1.055;3.057;1.055;3.057;.;.;.
380245;2.023;5.708;2.022;5.706;1;2;.
380252;1.822;6.374;1.822;6.374;.;.;.
380322;2.925;6.906;2.914;6.851;11;55;.
380329;2.620;5.691;2.599;5.646;21;45;.
380406;7.112;22.211;7.112;22.211;.;.;.
386007;621;1.302;617;1.296;4;6;.
386014;229;508;229;508;.;.;.
386021;445;731;444;712;1;19;.
386056;448;771;448;771;.;.;.
386060;561;657;561;657;.;.;.
386063;278;622;278;622;.;.;.
386067;497;1.510;497;1.510;.;.;.
386070;315;614;315;614;.;.;.
386077;588;1.007;587;1.006;1;1;.
386091;243;874;243;874;.;.;.
386098;280;691;280;691;.;.;.
386105;718;2.572;718;2.572;.;.;.
386112;480;1.312;480;1.312;.;.;.
386119;1.028;3.369;1.028;3.369;.;.;.
386126;611;1.300;611;1.300;.;.;.
386133;459;1.047;459;1.047;.;.;.
386140;401;860;400;856;1;4;.
386147;375;920;372;915;3;5;.
386154;161;539;157;507;4;32;.
386161;370;585;367;544;3;41;.
386168;992;2.974;985;2.915;7;59;.
386175;1.060;2.124;1.060;2.124;.;.;.
386179;353;851;349;803;4;48;.
386189;771;1.838;755;1.803;16;35;.
386196;342;849;342;849;.;.;.
386203;621;1.843;621;1.843;.;.;.
386210;230;274;229;271;1;3;.
386217;174;302;173;301;1;1;.
386224;453;618;453;618;.;.;.
386231;501;647;492;632;9;15;.
386238;337;668;337;668;.;.;.
386245;193;276;193;276;.;.;.
386252;266;347;266;347;.;.;.
386259;286;614;286;614;.;.;.
386266;698;1.499;697;1.495;1;4;.
386273;498;921;489;888;9;33;.
420007;345;471;345;471;.;.;.
420011;274;526;273;525;1;1;.
420014;1.212;2.063;1.209;2.032;3;31;.
420021;769;1.571;768;1.564;1;7;.
420028;1.028;2.325;1.027;2.315;1;10;.
420035;633;1.212;631;1.199;2;13;.
420042;714;1.020;714;1.020;.;.;.
420049;843;1.715;840;1.707;3;8;.
420056;1.054;1.783;1.052;1.780;2;3;.
420063;1.138;2.323;1.137;2.322;1;1;.
420070;355;514;353;501;2;13;.
420077;1.961;4.840;1.961;4.840;.;.;.
420084;237;393;237;393;.;.;.
420091;1.345;2.796;1.340;2.756;5;40;.
420098;329;663;328;649;1;14;.
420105;353;662;353;662;.;.;.
420112;897;1.771;896;1.770;1;1;.
420116;381;754;381;754;.;.;.
420119;4.866;10.568;4.856;10.501;10;67;.
420126;713;1.448;712;1.447;1;1;.
420133;6.702;15.522;6.691;15.412;11;110;.
420140;642;1.291;637;1.262;5;29;.
420147;29.385;67.585;29.358;67.138;27;447;.
420154;1.562;2.873;1.559;2.857;3;16;.
420158;347;582;345;566;2;16;.
420161;2.564;5.484;2.560;5.441;4;43;.
420168;2.372;5.016;2.366;4.980;6;36;.
420175;3.608;8.520;3.599;8.471;9;49;.
420182;1.363;2.672;1.358;2.617;5;55;.
420189;1.260;2.603;1.260;2.603;.;.;.
420196;433;940;432;936;1;4;.
420210;654;1.461;654;1.461;.;.;.
420217;941;1.959;940;1.953;1;6;.
420224;420;785;420;785;.;.;.
420231;2.745;5.735;2.738;5.686;7;49;.
420238;279;437;279;437;.;.;.
420245;365;609;365;609;.;.;.
420252;353;763;353;763;.;.;.
420259;1.217;2.495;1.212;2.467;5;28;.
420266;341;624;341;624;.;.;.
420273;1.197;2.566;1.194;2.533;3;33;.
420280;376;538;372;526;4;12;.
420287;386;759;386;759;.;.;.
420294;388;569;388;569;.;.;.
420301;1.756;4.215;1.754;4.199;2;16;.
420308;1.752;3.981;1.748;3.973;4;8;.
420315;3.459;8.379;3.453;8.312;6;67;.
420322;395;758;394;756;1;2;.
420329;1.227;2.881;1.223;2.864;4;17;.
420336;52.883;117.201;52.817;116.083;66;1.108;10
420343;333;612;332;597;1;15;.
420350;752;1.588;750;1.582;2;6;.
420357;7.304;17.909;7.298;17.807;6;102;.
420364;234;476;233;469;1;7;.
420371;1.850;3.848;1.846;3.796;4;52;.
420378;726;1.346;724;1.342;2;4;.
420385;4.116;10.743;4.112;10.725;4;18;.
420392;404;787;404;787;.;.;.
420399;3.018;6.344;3.010;6.284;8;60;.
420406;297;578;297;578;.;.;.
420413;1.413;2.686;1.410;2.675;3;11;.
422007;141;211;141;211;.;.;.
425007;186;360;186;360;.;.;.
425014;184;362;184;362;.;.;.
425028;156;298;155;295;1;3;.
425042;189;287;189;287;.;.;.
425049;201;351;200;348;1;3;.
425063;158;331;157;328;1;3;.
425077;148;261;146;251;2;10;.
425084;145;162;145;162;.;.;.
425091;107;160;107;160;.;.;.
425098;199;382;199;382;.;.;.
425105;63;91;63;91;.;.;.
425112;211;281;210;280;1;1;.
425119;223;528;223;528;.;.;.
425126;71;143;71;143;.;.;.
425133;179;300;179;300;.;.;.
425140;98;264;98;264;.;.;.
425147;469;789;469;789;.;.;.
425154;121;160;121;160;.;.;.
460007;6.665;16.257;6.661;16.251;4;6;.
460014;78.405;211.651;78.361;210.507;44;1.133;11
460021;2.718;5.810;2.718;5.810;.;.;.
460028;4.614;11.372;4.613;11.371;1;1;.
460035;6.416;15.666;6.412;15.630;4;36;.
460042;20.711;58.798;20.690;58.681;21;117;.
460049;3.213;7.002;3.203;6.984;10;18;.
460056;1.343;3.185;1.342;3.184;1;1;.
460063;3.314;7.618;3.312;7.615;2;3;.
460070;1.637;4.017;1.636;4.013;1;4;.
460077;783;1.886;782;1.885;1;1;.
460084;3.125;7.349;3.124;7.347;1;2;.
460091;2.034;5.019;2.033;5.017;1;2;.
460098;1.221;2.699;1.220;2.695;1;4;.
460105;964;2.401;963;2.399;1;2;.
460112;6.986;15.783;6.979;15.764;7;19;.
460119;2.090;4.314;2.087;4.306;3;5;3
460126;1.939;3.038;1.934;2.994;5;44;.
500007;58.152;127.160;58.068;123.715;84;3.434;11
500014;19.706;52.584;19.676;52.379;30;205;.
500021;71.740;195.159;71.705;194.557;35;599;3
500028;107.382;321.966;107.311;320.871;71;1.056;39
500035;14.841;46.604;14.836;46.472;5;132;.
500042;4.361;12.086;4.356;12.018;5;68;.
500049;72.614;234.401;72.568;233.839;46;503;59
500056;14.879;47.167;14.872;47.086;7;81;.
500063;58.537;175.056;58.460;171.883;77;3.171;2
500070;67.524;219.402;67.493;218.887;31;515;.
500077;12.388;32.717;12.352;32.596;36;121;.
500084;20.923;63.724;20.909;63.589;14;135;.
500091;13.523;39.869;13.506;39.752;17;104;13
500098;44.496;139.792;44.475;139.406;21;386;.
500105;81.403;215.020;81.285;213.204;118;1.816;.
500112;6.484;19.382;6.483;19.379;1;3;.
500119;19.807;60.171;19.769;59.972;38;198;1
500126;13.249;41.280;13.233;41.168;16;109;3
540007;12.613;34.979;12.604;34.906;9;73;.
540014;1.828;5.081;1.826;5.074;2;7;.
540021;3.046;8.928;3.041;8.914;5;14;.
540028;541;1.609;541;1.609;.;.;.
540035;7.368;20.475;7.361;20.433;7;42;.
540042;5.331;14.170;5.328;14.167;3;3;.
540049;6.424;18.857;6.423;18.851;1;6;.
540053;2.375;6.451;2.372;6.424;3;27;.
540056;1.108;2.907;1.108;2.907;.;.;.
540063;6.501;18.112;6.499;18.037;2;75;.
540070;849;1.925;849;1.925;.;.;.
540077;378;1.414;376;1.116;2;298;.
540084;756;2.077;756;2.077;.;.;.
540091;274;654;274;654;.;.;.
540098;3.040;8.229;3.040;8.229;.;.;.
540105;221;520;221;520;.;.;.
540112;20.909;63.520;20.903;63.439;6;81;.
540119;122.396;328.879;122.332;327.539;64;1.282;58
540126;3.012;8.507;3.005;8.462;7;45;.
540133;662;1.841;662;1.841;.;.;.
540140;2.330;7.295;2.328;7.292;2;3;.
540147;883;2.757;878;2.744;5;13;.
540154;27.345;75.692;27.322;75.128;23;559;5
540161;1.362;3.892;1.361;3.877;1;15;.
540168;729;2.092;729;2.092;.;.;.
540175;5.527;14.920;5.514;14.838;13;82;.
540182;6.883;19.770;6.878;19.738;5;32;.
540189;4.083;10.880;4.083;10.880;.;.;.
540196;9.435;27.166;9.434;27.137;1;29;.
540203;18.724;49.994;18.722;49.938;2;56;.
540210;6.619;19.237;6.614;19.215;5;22;.
540217;19.545;54.903;19.486;54.680;59;223;.
540224;2.702;8.065;2.702;8.065;.;.;.
540231;6.082;17.891;6.080;17.878;2;13;.
540238;403;1.103;403;1.103;.;.;.
540245;824;1.989;824;1.989;.;.;.
540252;400;1.057;400;1.057;.;.;.
540259;2.370;6.148;2.369;6.024;1;124;.
540266;1.105;3.183;1.105;3.183;.;.;.
540273;791;2.214;791;2.214;.;.;.
540280;12.260;32.289;12.254;32.007;6;282;.
540287;727;1.814;727;1.814;.;.;.
540294;2.512;6.506;2.512;6.506;.;.;.
540301;1.829;5.346;1.829;5.346;.;.;.
540308;3.518;9.974;3.518;9.974;.;.;.
540315;936;3.028;936;3.028;.;.;.
540322;9.098;23.526;9.085;23.265;13;261;.
540329;1.572;4.048;1.571;4.047;1;1;.
540336;1.082;3.094;1.082;3.094;.;.;.
540343;9.022;26.027;9.013;25.983;9;44;.
540350;3.625;9.548;3.623;9.543;2;5;.
540357;3.303;9.986;3.301;9.981;2;5;.
540364;3.662;10.570;3.661;10.567;1;3;.
540371;1.314;3.655;1.314;3.654;.;.;1
540378;539;1.334;538;1.331;1;3;.
540385;1.934;5.772;1.931;5.739;3;33;.
540392;1.161;3.701;1.161;3.701;.;.;.
540399;29.555;77.803;29.515;76.875;40;918;10
540406;2.344;6.473;2.337;6.452;7;21;.
540413;860;2.407;859;2.403;1;4;.
540420;222;710;222;710;.;.;.
540427;1.604;3.861;1.602;3.858;2;3;.
540434;391;1.092;391;1.092;.;.;.
540441;2.658;7.176;2.655;7.154;3;22;.
540448;944;2.626;944;2.626;.;.;.
540455;10.146;27.581;10.130;27.480;16;101;.
540462;5.111;14.073;5.103;14.023;8;50;.
540469;2.082;6.275;2.079;6.251;3;24;.
540476;818;2.226;817;2.223;1;3;.
540483;1.366;3.582;1.366;3.582;.;.;.
540490;755;2.138;754;2.084;1;54;.
540497;5.692;15.557;5.687;15.191;5;366;.
540501;2.559;8.039;2.556;7.989;3;50;.
540504;9.244;26.762;9.235;26.701;9;61;.
540511;3.174;8.367;3.174;8.367;.;.;.
540518;3.909;8.536;3.909;8.536;.;.;.
540525;5.170;13.988;5.167;13.974;3;14;.
580000;9.393;16.221;9.385;16.146;8;75;.
580007;2.372;6.005;2.369;5.950;3;55;.
580014;2.989;6.511;2.986;6.495;3;16;.
580021;4.237;10.891;4.237;10.891;.;.;.
580028;429;1.213;427;1.208;2;5;.
580035;1.500;3.940;1.499;3.937;1;3;.
580042;18.286;49.039;18.281;48.981;5;58;.
580049;15.476;40.418;15.472;40.305;4;113;.
580056;114.719;289.527;114.666;288.832;53;682;13
580063;5.921;16.046;5.913;15.920;8;126;.
580070;20.257;52.433;20.248;52.370;9;63;.
580077;4.308;11.733;4.305;11.212;3;521;.
580084;799;1.581;798;1.580;1;1;.
580091;1.785;4.275;1.785;4.275;.;.;.
580098;6.024;15.655;6.018;15.593;6;62;.
580105;454;1.026;454;1.026;.;.;.
580112;6.907;19.108;6.892;18.989;15;119;.
580119;15.463;37.381;15.460;37.352;3;29;.
580126;2.320;6.309;2.318;6.307;2;2;.
580133;6.139;14.422;6.135;14.369;4;53;.
580140;1.510;3.669;1.510;3.669;.;.;.
580147;542;1.144;542;1.144;.;.;.
580154;880;1.705;880;1.705;.;.;.
580161;313;714;313;714;.;.;.
580168;567;1.063;563;1.059;4;4;.
580175;566;1.136;564;1.134;2;2;.
580182;705;1.720;704;1.719;1;1;.
580189;469;941;468;911;1;30;.
580196;693;1.439;691;1.434;2;5;.
580203;1.841;3.448;1.836;3.432;5;16;.
580210;9.502;24.304;9.500;24.298;2;6;.
580217;2.041;4.216;2.041;4.216;.;.;.
580224;494;1.069;493;1.068;1;1;.
580231;2.379;6.218;2.378;6.216;1;2;.
580238;1.238;3.382;1.236;3.365;2;17;.
580245;14.811;40.698;14.797;40.558;14;140;.
580252;1.802;2.296;1.800;2.280;2;16;.
585014;123;223;123;223;.;.;.
585021;144;242;144;242;.;.;.
585028;70;210;70;210;.;.;.
585035;184;427;184;427;.;.;.
585042;151;329;151;329;.;.;.
585049;99;214;99;214;.;.;.
585056;263;564;263;564;.;.;.
585063;268;549;268;549;.;.;.
585070;319;761;319;761;.;.;.
585077;113;269;113;269;.;.;.
585084;374;728;374;728;.;.;.
585091;317;698;317;698;.;.;.
585098;201;332;201;332;.;.;.
585105;76;188;76;188;.;.;.
585112;215;430;215;430;.;.;.
585119;214;376;214;376;.;.;.
585126;111;137;111;137;.;.;.
585133;107;254;107;254;.;.;.
585140;199;510;199;510;.;.;.
585147;166;302;166;302;.;.;.
585154;78;175;78;175;.;.;.
620000;2.580;3.993;2.578;3.983;2;10;.
620007;435;817;434;816;1;1;.
620014;25.360;60.903;25.341;60.267;19;636;.
620021;1.775;4.721;1.775;4.721;.;.;.
620028;5.579;13.657;5.575;13.588;4;69;.
620035;703;1.923;702;1.922;1;1;.
620042;571;1.525;571;1.525;.;.;.
620049;3.811;9.991;3.807;9.949;4;42;.
620056;3.460;8.147;3.453;8.087;7;60;.
620063;452;1.119;451;1.100;1;19;.
620070;10.743;24.303;10.730;24.252;13;51;.
620077;58.063;136.528;57.986;135.934;77;562;32
620084;2.903;7.156;2.898;7.125;5;31;.
620091;11.967;31.941;11.963;31.877;4;64;.
620098;1.169;3.525;1.169;3.525;.;.;.
620105;9.251;24.220;9.246;24.195;5;25;.
620112;2.735;7.571;2.735;7.571;.;.;.
620119;1.974;5.197;1.973;5.196;1;1;.
620126;10.854;27.615;10.851;27.601;3;14;.
620133;40.822;105.647;40.817;105.510;5;137;.
620140;756;2.344;756;2.344;.;.;.
620147;1.546;4.614;1.544;4.608;2;6;.
620154;5.996;15.808;5.995;15.788;1;20;.
620161;44.483;109.366;44.464;108.891;19;471;4
620168;3.239;8.765;3.235;8.705;4;60;.
620175;1.162;3.211;1.162;3.211;.;.;.
620182;12.954;33.121;12.948;33.025;6;96;.
620189;564;1.142;563;1.131;1;11;.
620196;1.034;1.718;1.031;1.692;3;26;.
620203;266;593;266;593;.;.;.
620210;7.010;16.309;7.004;16.251;6;58;.
620217;762;1.803;762;1.803;.;.;.
620224;524;1.124;524;1.124;.;.;.
620231;12.537;26.718;12.483;26.511;54;197;10
620238;4.917;9.076;4.913;8.956;4;120;.
620245;1.333;3.610;1.328;3.591;5;19;.
620252;3.168;8.171;3.163;8.118;5;53;.
620259;1.756;4.243;1.753;4.218;3;25;.
620266;1.126;2.901;1.122;2.833;4;68;.
620273;2.502;5.943;2.498;5.879;4;36;28
625014;830;2.100;830;2.100;.;.;.
625028;387;851;387;851;.;.;.
625035;49;125;49;125;.;.;.
625042;118;264;118;264;.;.;.
625049;48;92;48;92;.;.;.
625056;478;609;478;609;.;.;.
625063;227;284;227;284;.;.;.
625070;186;344;186;344;.;.;.
625077;120;186;120;186;.;.;.
625084;52;86;52;86;.;.;.
625098;110;292;110;292;.;.;.
625105;225;413;225;413;.;.;.
625112;350;889;350;889;.;.;.
625119;94;128;94;128;.;.;.
625126;75;121;75;121;.;.;.
625133;12;9;12;9;.;.;.
625140;40;65;40;65;.;.;.
625147;117;171;117;171;.;.;.
625154;103;85;103;85;.;.;.
625161;186;183;186;183;.;.;.
625168;51;120;51;120;.;.;.
625175;42;80;42;80;.;.;.
625182;54;57;54;57;.;.;.
625189;64;100;64;100;.;.;.
625196;126;265;125;262;1;3;.
625203;46;84;46;84;.;.;.
625210;98;109;98;109;.;.;.
625217;63;167;62;162;1;5;.
625224;161;384;161;384;.;.;.
625231;59;99;59;99;.;.;.
625238;120;142;120;142;.;.;.
625245;117;137;117;137;.;.;.
625252;57;94;57;94;.;.;.
625259;102;187;102;187;.;.;.
625266;196;367;196;367;.;.;.
660007;3.465;11.669;3.456;11.603;9;66;.
660014;4.498;13.877;4.496;13.873;2;4;.
660021;1.768;7.244;1.767;6.602;1;642;.
660028;6.995;22.660;6.995;22.660;.;.;.
660035;3.908;14.720;3.904;14.704;4;16;.
660042;2.874;6.791;2.866;6.775;8;16;.
660049;937;2.157;934;2.153;3;4;.
660056;5.976;17.829;5.973;17.822;3;7;.
660063;190.754;594.772;190.649;591.113;105;3.432;227
660070;9.995;32.932;9.991;32.890;4;42;.
660077;12.866;41.646;12.857;41.412;9;234;.
660084;3.964;14.303;3.963;14.301;1;2;.
660091;3.289;10.537;3.286;10.523;3;14;.
660098;4.329;14.192;4.329;14.192;.;.;.
660105;2.678;8.885;2.678;8.885;.;.;.
660112;2.479;7.822;2.479;7.822;.;.;.
660119;11.679;39.459;11.677;39.039;2;420;.
660126;5.371;17.325;5.369;17.301;2;24;.
660133;9.551;31.979;9.550;31.977;1;2;.
660140;896;2.983;896;2.983;.;.;.
660147;6.319;19.142;6.318;19.108;1;34;.
660154;8.338;26.995;8.332;26.953;6;42;.
660161;24.892;79.580;24.876;79.126;16;454;.
660168;1.412;3.491;1.412;3.491;.;.;.
660175;1.681;4.177;1.680;4.176;1;1;.
660182;798;1.941;797;1.940;1;1;.
660189;2.025;4.525;2.023;4.511;2;14;.
660196;2.976;7.774;2.968;7.735;8;39;.
660203;788;2.054;786;2.049;2;5;.
660210;1.144;3.671;1.141;3.661;3;10;.
660217;550;1.480;547;1.472;3;8;.
660224;694;1.789;694;1.789;.;.;.
660231;2.071;5.695;2.068;5.683;3;12;.
660238;1.199;3.205;1.199;3.205;.;.;.
660245;2.218;6.853;2.218;6.853;.;.;.
660252;132;329;132;329;.;.;.
660259;3.249;10.105;3.247;10.094;2;11;.
660266;11.327;35.598;11.315;35.396;12;202;.
660273;924;2.722;924;2.722;.;.;.
660280;852;2.542;850;2.538;2;4;.
660287;979;3.098;975;3.086;4;12;.
660290;1.018;3.648;1.018;3.648;.;.;.
660294;5.355;19.572;5.350;19.527;5;45;.
660301;3.784;12.857;3.781;12.832;3;25;.
660308;8.371;29.653;8.369;29.645;2;8;.
660315;27.752;91.215;27.722;90.368;30;847;.
660322;1.168;3.697;1.167;3.695;1;2;.
660329;4.262;12.401;4.258;12.373;4;19;9
660336;3.818;10.353;3.818;10.335;.;.;18
660343;4.405;15.359;4.404;15.354;1;5;.
660350;1.401;3.149;1.400;3.148;1;1;.
660357;10.154;30.660;10.146;30.602;8;58;.
660364;8.462;23.216;8.461;23.205;1;11;.
660371;8.214;27.812;8.209;27.756;5;56;.
660378;746;2.150;744;2.148;2;2;.
660385;637;1.882;636;1.880;1;2;.
660392;1.595;3.766;1.587;3.751;8;15;.
660399;1.077;2.007;1.075;2.005;2;2;.
660406;1.421;2.978;1.421;2.978;.;.;.
660413;1.809;4.428;1.809;4.428;.;.;.
700007;9.519;31.284;9.518;31.281;1;3;.
700014;3.191;10.176;3.190;10.172;1;4;.
700021;4.051;11.034;4.038;10.667;13;367;.
700028;47.638;115.390;47.613;114.849;25;491;50
700035;12.895;44.047;12.887;44.017;8;30;.
700042;29.072;105.627;29.069;103.772;3;1.855;.
700049;3.725;8.845;3.720;8.826;5;19;.
700056;9.293;25.297;9.283;25.269;10;28;.
700063;3.538;12.514;3.537;12.498;1;16;.
700070;21.046;72.915;21.041;72.879;5;36;.
700077;41.464;136.617;41.458;136.582;6;34;1
700084;31.912;101.666;31.904;101.334;8;332;.
700091;4.199;15.037;4.199;15.037;.;.;.
700098;19.300;62.729;19.294;62.697;6;32;.
700105;8.254;27.188;8.254;27.188;.;.;.
700112;2.304;6.454;2.304;6.454;.;.;.
700119;3.843;8.526;3.799;8.425;44;101;.
700126;5.861;20.824;5.861;20.824;.;.;.
700133;2.434;6.683;2.433;6.674;1;9;.
740000;9.501;19.107;9.495;18.829;6;278;.
740007;1.179;3.923;1.179;3.923;.;.;.
740014;1.126;2.559;1.126;2.559;.;.;.
740021;3.537;9.410;3.536;9.398;1;12;.
740028;2.289;5.239;2.288;5.238;1;1;.
740035;144;290;144;290;.;.;.
740038;315;574;315;574;.;.;.
740039;2.319;3.105;2.318;3.104;1;1;.
740042;3.315;8.585;3.314;8.584;1;1;.
740049;2.462;6.312;2.461;6.311;1;1;.
740056;1.534;4.247;1.530;4.216;4;31;.
740063;2.510;6.666;2.508;6.663;2;3;.
740070;3.989;11.807;3.987;11.799;2;8;.
740073;22;65;22;65;.;.;.
740077;49.073;132.262;49.059;132.076;14;186;.
740084;1.361;4.004;1.361;4.004;.;.;.
740091;1.141;3.037;1.141;3.037;.;.;.
740095;1.767;4.163;1.766;4.143;1;20;.
740098;2.992;7.182;2.992;7.182;.;.;.
740105;10.986;24.958;10.983;24.919;3;39;.
740108;111;403;111;403;.;.;.
740112;1.393;3.001;1.393;3.001;.;.;.
740119;7.011;19.696;6.998;19.614;13;82;.
740126;7.074;21.873;7.071;21.862;3;11;.
740130;2.013;3.963;2.012;3.953;1;10;.
740133;73.330;206.921;73.305;206.114;25;803;4
740140;430;982;430;982;.;.;.
746007;330;568;330;568;.;.;.
746014;267;766;267;766;.;.;.
746021;667;1.221;667;1.221;.;.;.
746028;689;1.184;688;1.176;1;8;.
746035;204;377;203;374;1;3;.
746049;475;1.448;475;1.448;.;.;.
746063;184;417;184;417;.;.;.
746070;1.267;3.188;1.267;3.188;.;.;.
746077;275;665;275;665;.;.;.
746084;158;315;158;315;.;.;.
746091;95;202;95;202;.;.;.
746098;382;886;382;886;.;.;.
746105;746;2.217;746;2.217;.;.;.
746112;128;158;128;158;.;.;.
746119;117;318;117;318;.;.;.
746126;185;390;184;380;1;10;.
746133;170;360;170;360;.;.;.
746140;32;88;32;88;.;.;.
746147;297;810;297;810;.;.;.
746154;413;976;413;976;.;.;.
746161;99;275;99;275;.;.;.
746168;175;467;175;467;.;.;.
746175;197;635;197;635;.;.;.
746182;346;986;345;977;1;9;.
746189;96;313;96;313;.;.;.
746196;715;1.727;715;1.727;.;.;.
746210;278;680;278;680;.;.;.
746217;682;1.506;682;1.506;.;.;.
746224;48;149;48;149;.;.;.
746231;54;179;54;179;.;.;.
746238;138;376;138;376;.;.;.
746245;312;805;312;805;.;.;.
746252;267;801;267;801;.;.;.
746273;235;473;235;473;.;.;.
746280;120;352;120;352;.;.;.
746287;79;155;79;155;.;.;.
746294;45;122;45;122;.;.;.
746301;67;148;67;148;.;.;.
746308;57;178;57;178;.;.;.
746315;282;532;282;532;.;.;.
746322;150;322;150;322;.;.;.
780000;2.223;3.151;2.217;2.994;6;91;66
780007;3.814;9.313;3.811;9.278;3;35;.
780014;2.161;5.434;2.156;5.390;5;44;.
780021;21.910;56.556;21.899;56.310;11;246;.
780028;9.538;24.728;9.538;24.728;.;.;.
780035;10.256;25.346;10.249;25.194;7;152;.
780042;6.270;16.871;6.265;16.826;5;33;12
780049;46.055;116.000;46.025;115.585;30;415;.
780056;4.492;11.745;4.481;11.655;11;90;.
780063;3.907;9.493;3.905;9.478;2;15;.
780070;9.652;23.034;9.594;22.844;58;190;.
780074;987;1.866;982;1.861;5;5;.
780077;2.056;4.655;2.056;4.655;.;.;.
780084;3.144;7.875;3.137;7.852;7;23;.
780091;5.212;12.574;5.204;12.493;8;81;.
780098;2.070;5.385;2.062;5.343;8;33;9
785007;356;921;356;921;.;.;.
785014;325;809;323;807;2;2;.
785021;151;393;151;393;.;.;.
785035;197;415;195;408;2;7;.
785042;234;662;234;662;.;.;.
820007;5.193;12.973;5.186;12.939;7;34;.
820014;5.277;14.582;5.271;14.514;6;68;.
820021;5.594;14.480;5.587;14.371;7;107;2
820028;16.885;38.903;16.863;38.594;22;309;.
820035;3.518;10.091;3.510;9.967;8;124;.
820042;40.767;102.236;40.734;101.699;33;531;6
820045;2.612;6.265;2.611;6.240;1;25;.
820049;9.711;23.528;9.702;23.397;9;124;7
820056;19.263;52.759;19.248;52.576;15;183;.
820063;8.989;20.682;8.975;20.536;14;146;.
820070;8.675;19.301;8.666;19.172;9;129;.
820077;35.222;83.177;35.184;82.839;38;338;.
820084;4.368;9.836;4.360;9.757;8;79;.
820091;9.810;29.314;9.807;29.299;3;15;.
820095;2.577;7.454;2.577;7.454;.;.;.
820098;4.513;12.865;4.511;12.844;2;21;.
820105;3.380;8.708;3.380;8.708;.;.;.
820112;30.593;88.306;30.570;87.986;23;320;.
820119;7.426;19.657;7.423;19.628;3;29;.
820126;13.425;32.553;13.395;32.108;30;445;.
820133;4.859;11.736;4.854;11.676;5;60;.
820140;5.415;13.695;5.411;13.639;4;56;.
820142;6.332;19.060;6.329;19.016;3;44;.
820143;5.806;14.074;5.803;14.019;3;55;.
820147;164.737;408.572;164.604;405.264;133;3.206;102
820154;27.844;75.426;27.825;75.133;19;285;8
820158;6.644;14.425;6.643;14.393;1;32;.
820161;20.024;47.228;19.991;46.757;33;471;.
820168;5.047;12.397;5.038;12.322;9;74;1
820171;3.028;7.402;3.025;7.312;3;90;.
820175;6.572;17.057;6.563;17.006;9;51;.
820182;10.065;24.632;10.054;24.472;11;160;.
820189;16.001;38.390;15.992;38.284;9;106;.
820196;15.540;44.392;15.533;44.188;7;204;.
820203;10.980;32.459;10.974;32.389;6;70;.
820207;5.808;12.693;5.806;12.666;2;27;.
820210;456.342;1.037.710;456.040;1.030.069;302;7.368;273
820217;28.601;92.241;28.593;92.147;8;94;.
820224;6.599;16.443;6.590;16.360;9;83;.
820231;6.634;15.448;6.623;15.363;11;85;.
820233;3.604;9.335;3.600;9.315;4;20;.
820235;2.908;7.761;2.908;7.761;.;.;.
820237;3.511;9.208;3.506;9.168;5;40;.
820238;6.648;17.504;6.640;17.452;8;52;.
820245;7.220;21.643;7.212;19.499;8;2.144;.
820252;8.330;20.307;8.314;20.124;16;183;.
820256;3.939;9.656;3.934;9.620;5;36;.
820259;10.138;26.489;10.122;26.366;16;123;.
820266;11.724;30.948;11.718;30.792;6;156;.
820273;6.565;17.449;6.559;17.354;6;95;.
820280;6.386;18.536;6.384;18.498;2;38;.
820287;5.899;17.969;5.899;17.969;.;.;.
820294;14.118;30.785;14.113;30.680;5;105;.
820301;20.068;51.180;20.057;50.942;11;238;.
820308;5.005;12.510;4.996;12.424;9;86;.
820315;7.865;19.673;7.846;19.524;19;149;.
820322;2.571;5.876;2.569;5.855;2;21;.
820329;4.507;12.830;4.504;12.788;3;42;.
820336;8.257;22.747;8.257;22.747;.;.;.
822007;737;1.375;737;1.375;.;.;.
822014;1.270;2.869;1.268;2.857;2;12;.
822021;1.044;2.502;1.043;2.488;1;14;.
822028;3.308;7.387;3.300;7.319;8;68;.
822035;1.617;3.457;1.615;3.414;2;43;.
822042;1.097;2.127;1.096;2.104;1;23;.
822049;2.301;5.620;2.300;5.599;1;21;.
822056;3.112;7.479;3.110;7.444;2;35;.
822063;2.672;5.436;2.666;5.385;6;51;.
822070;880;1.908;880;1.908;.;.;.
822077;916;2.022;916;2.022;.;.;.
822084;1.066;2.298;1.064;2.268;2;30;.
822091;3.251;6.932;3.246;6.869;5;63;.
822098;858;2.033;858;2.033;.;.;.
822105;572;1.267;571;1.259;1;8;.
822112;662;1.475;662;1.475;.;.;.
822119;1.036;2.292;1.036;2.292;.;.;.
822126;98;208;98;208;.;.;.
822133;140;313;140;313;.;.;.
822140;827;1.936;827;1.936;.;.;.
822147;874;2.029;873;2.015;1;14;.
822154;131;375;131;375;.;.;.
822161;44;176;44;176;.;.;.
822168;130;285;130;285;.;.;.
822175;139;215;139;215;.;.;.
822182;34;88;34;88;.;.;.
822189;168;351;168;351;.;.;.
822196;138;457;138;457;.;.;.
822203;168;393;168;393;.;.;.
822210;153;366;153;366;.;.;.
822217;291;705;291;705;.;.;.
822224;383;1.006;383;1.006;.;.;.
822231;438;1.048;438;1.048;.;.;.
822238;66;153;66;153;.;.;.
822245;68;179;68;179;.;.;.
822252;100;253;100;253;.;.;.
822259;123;288;123;288;.;.;.
822266;49;157;49;157;.;.;.
822273;2.417;5.939;2.410;5.848;7;91;.
822280;975;2.738;975;2.738;.;.;.
822287;1.451;3.583;1.450;3.574;1;9;.
822294;2.173;5.013;2.168;4.864;5;149;.
822301;33;80;33;80;.;.;.
822308;747;1.971;746;1.948;1;23;.
822315;452;1.035;452;1.035;.;.;.
822322;60;164;60;164;.;.;.
822329;768;2.062;768;2.062;.;.;.
822336;183;506;183;506;.;.;.
822343;159;323;159;323;.;.;.
822357;954;2.067;953;2.057;1;10;.
822364;868;1.834;868;1.834;.;.;.
822371;591;1.553;591;1.553;.;.;.
822378;162;448;162;448;.;.;.
822385;701;1.586;701;1.586;.;.;.
822392;173;426;173;426;.;.;.
822399;138;258;138;258;.;.;.
822406;834;2.123;834;2.123;.;.;.
822413;3.230;7.714;3.227;7.680;3;34;.
822420;1.465;3.532;1.463;3.510;2;22;.
822427;322;679;322;679;.;.;.
822434;219;351;219;351;.;.;.
822441;2.670;7.184;2.668;7.148;2;36;.
822448;387;651;387;651;.;.;.
822455;613;1.374;613;1.374;.;.;.
822462;616;1.317;615;1.310;1;7;.
822469;496;996;496;996;.;.;.
822476;234;383;234;383;.;.;.
822483;1.445;3.296;1.437;3.204;8;92;.
822490;1.211;3.083;1.211;3.083;.;.;.
822497;879;2.110;879;2.110;.;.;.
822504;1.192;2.492;1.191;2.473;1;19;.
822511;336;628;336;628;.;.;.
822518;1.519;3.257;1.518;3.243;1;14;.
822525;478;1.057;477;1.023;1;34;.
822532;174;541;174;541;.;.;.
822539;2.482;4.951;2.479;4.897;3;54;.
822546;405;1.044;405;1.044;.;.;.
822553;3.591;10.184;3.589;10.164;2;20;.
822560;577;918;577;918;.;.;.
822567;3.241;7.830;3.241;7.830;.;.;.
822574;154;401;154;401;.;.;.
822581;966;1.965;966;1.965;.;.;.
822588;589;1.108;589;1.108;.;.;.
822595;405;973;405;973;.;.;.
822602;793;1.782;791;1.756;2;26;.
822609;1.063;1.976;1.062;1.954;1;22;.
822616;380;874;380;874;.;.;.
822623;915;2.149;914;2.131;1;18;.
822630;410;898;410;898;.;.;.
822637;824;2.065;823;2.047;1;18;.
822644;3.040;5.968;3.037;5.938;3;30;.
822651;2.114;4.805;2.111;4.792;3;13;.
822658;225;569;225;569;.;.;.
822665;460;1.171;459;1.155;1;16;.
822672;186;426;186;426;.;.;.
822679;828;2.082;827;2.068;1;14;.
822686;1.841;4.131;1.838;4.073;3;58;.
822693;1.225;2.587;1.221;2.461;4;126;.
822700;281;522;281;522;.;.;.
822707;1.706;4.039;1.706;4.039;.;.;.
822714;658;1.163;657;1.154;1;9;.
822721;175;313;175;313;.;.;.
822728;2.335;5.403;2.334;5.400;1;3;.
822735;1.838;3.692;1.837;3.688;1;4;.
822742;2.055;4.744;2.054;4.735;1;9;.
822749;2.887;6.674;2.885;6.651;2;23;.
822756;2.595;6.178;2.593;6.140;2;38;.
822763;539;1.432;538;1.422;1;10;.
822770;334;938;334;938;.;.;.
822777;319;787;319;787;.;.;.
822784;508;1.421;508;1.421;.;.;.
822791;274;746;274;746;.;.;.
822805;587;1.700;587;1.700;.;.;.
822808;277;877;277;877;.;.;.
822812;369;989;369;989;.;.;.
822819;599;1.494;599;1.494;.;.;.
822826;971;2.573;969;2.569;2;4;.
822833;584;1.728;584;1.728;.;.;.
822840;595;1.487;595;1.487;.;.;.
822847;182;549;181;543;1;6;.
822854;1.060;3.167;1.060;3.167;.;.;.
822861;1.050;2.963;1.048;2.941;2;22;.
822868;1.334;3.331;1.334;3.331;.;.;.
822875;1.813;5.500;1.811;5.474;2;26;.
822882;540;1.349;539;1.344;1;5;.
822889;538;1.309;535;1.206;3;103;.
822896;379;924;379;924;.;.;.
822903;2.415;6.266;2.411;6.212;4;54;.
822910;285;505;285;505;.;.;.
822917;3.137;5.835;3.129;5.671;8;164;.
822924;3.091;4.142;3.091;4.142;.;.;.
822931;1.184;2.543;1.183;2.529;1;14;.
822938;1.492;4.090;1.490;4.087;2;3;.
822945;1.370;3.252;1.368;3.232;2;20;.
822952;782;1.628;782;1.628;.;.;.
822959;2.483;4.810;2.483;4.810;.;.;.
822966;81;128;81;128;.;.;.
822973;196;442;196;442;.;.;.
822980;518;1.155;518;1.155;.;.;.
822987;499;1.134;497;1.028;2;106;.
822994;1.129;2.710;1.127;2.685;2;25;.
823001;3.665;10.037;3.663;9.953;2;84;.
823008;2.008;4.969;2.006;4.966;2;3;.
823036;178;405;178;405;.;.;.
823043;113;272;113;272;.;.;.
823050;144;296;144;296;.;.;.
823057;779;1.828;779;1.828;.;.;.
823064;188;346;188;346;.;.;.
823071;1.114;2.575;1.112;2.542;2;33;.
823078;2.547;6.472;2.544;6.406;3;66;.
823085;415;875;415;875;.;.;.
823092;167;550;167;550;.;.;.
823099;2.243;5.396;2.238;5.320;5;76;.
823106;27;82;27;82;.;.;.
823113;108;186;108;186;.;.;.
823120;620;1.440;620;1.440;.;.;.
823127;182;489;182;489;.;.;.
823134;373;760;373;760;.;.;.
823141;355;966;355;966;.;.;.
823148;355;763;355;763;.;.;.
823155;2.173;5.402;2.172;5.310;1;92;.
823162;1.122;2.787;1.121;2.773;1;14;.
823169;397;902;397;902;.;.;.
823176;305;495;305;495;.;.;.
823183;160;221;160;221;.;.;.
823190;649;1.594;648;1.590;1;4;.
823197;491;1.147;491;1.147;.;.;.
823204;489;1.297;488;1.288;1;9;.
823211;1.018;2.616;1.017;2.607;1;9;.
823218;386;993;386;993;.;.;.
823232;147;380;147;380;.;.;.
823239;1.424;3.149;1.422;3.115;2;34;.
823246;49;152;49;152;.;.;.
823253;81;164;81;164;.;.;.
823260;821;1.815;819;1.795;2;20;.
823267;674;1.778;673;1.761;1;17;.
823274;40;120;40;120;.;.;.
823281;133;307;133;307;.;.;.
823288;499;1.106;499;1.106;.;.;.
823295;738;1.967;738;1.967;.;.;.
823302;17;48;17;48;.;.;.
823309;338;810;338;810;.;.;.
823316;106;292;106;292;.;.;.
823323;486;1.030;486;1.030;.;.;.
823330;377;744;377;744;.;.;.
823337;408;1.103;408;1.103;.;.;.
823344;2.584;6.531;2.583;6.529;1;2;.
823351;2.495;5.737;2.487;5.648;8;89;.
823358;163;379;162;366;1;13;.
823365;3.275;7.936;3.273;7.930;2;6;.
823372;3.534;8.367;3.532;8.349;2;18;.
823379;179;303;179;303;.;.;.
823386;326;1.002;326;1.002;.;.;.
823393;1.057;2.489;1.056;2.448;1;41;.
823400;2.204;5.973;2.203;5.960;1;13;.
823407;1.956;5.174;1.954;5.072;2;102;.
823414;3.819;8.922;3.818;8.903;1;19;.
823421;1.314;4.618;1.313;2.484;1;2.134;.
823435;279;567;279;567;.;.;.
823442;1.557;4.286;1.557;4.286;.;.;.
823449;425;909;424;884;1;25;.
823456;958;1.848;957;1.843;1;5;.
823463;3.203;6.722;3.203;6.722;.;.;.
823470;619;1.175;619;1.175;.;.;.
823477;151;384;151;384;.;.;.
823484;490;1.326;490;1.326;.;.;.
823491;907;2.301;907;2.301;.;.;.
823498;184;352;184;352;.;.;.
823505;110;289;110;289;.;.;.
823512;161;461;161;461;.;.;.
823519;337;1.069;337;1.069;.;.;.
823526;98;256;98;256;.;.;.
823533;191;387;191;387;.;.;.
823540;183;504;183;504;.;.;.
823547;1.458;3.449;1.458;3.449;.;.;.
823554;481;864;481;864;.;.;.
823561;101;246;101;246;.;.;.
823568;55;144;55;144;.;.;.
823575;117;265;117;265;.;.;.
823582;241;543;241;543;.;.;.
823589;68;127;68;127;.;.;.
823596;274;652;274;652;.;.;.
823603;994;2.435;992;2.415;2;20;.
823610;168;426;168;426;.;.;.
823617;239;705;239;705;.;.;.
823624;84;212;84;212;.;.;.
823631;173;515;173;515;.;.;.
823638;67;145;67;145;.;.;.
823652;54;58;54;58;.;.;.
823659;464;1.125;464;1.125;.;.;.
823673;273;635;273;635;.;.;.
823680;1.505;3.939;1.505;3.939;.;.;.
823687;1.789;4.408;1.788;4.406;1;2;.
823694;167;373;167;373;.;.;.
823701;279;466;279;466;.;.;.
823704;254;701;254;701;.;.;.
823708;298;614;298;614;.;.;.
823722;962;2.134;962;2.134;.;.;.
823729;2.471;5.622;2.469;5.611;2;11;.
823736;784;1.658;784;1.658;.;.;.
823743;47;87;47;87;.;.;.
823750;103;179;103;179;.;.;.
823757;1.298;3.103;1.297;3.092;1;11;.
823764;1.358;2.933;1.358;2.933;.;.;.
823771;776;1.835;773;1.780;3;55;.
823778;1.620;3.714;1.614;3.672;6;42;.
823785;439;1.177;437;1.158;2;19;.
823792;434;1.017;433;1.003;1;14;.
823799;294;687;294;687;.;.;.
823806;135;202;135;202;.;.;.
823813;678;1.590;677;1.580;1;10;.
823820;2.325;6.128;2.321;5.975;4;153;.
823827;1.358;2.412;1.357;2.400;1;12;.
823834;72;124;72;124;.;.;.
823841;448;1.099;448;1.099;.;.;.
823862;234;272;234;272;.;.;.
823869;251;501;251;501;.;.;.
823876;229;761;229;761;.;.;.
823883;46;79;46;79;.;.;.
823890;2.613;6.480;2.611;6.451;2;29;.
823897;81;111;81;111;.;.;.
823904;1.005;2.502;1.005;2.502;.;.;.
823911;176;380;176;380;.;.;.
823918;831;2.052;830;2.042;1;10;.
823925;162;336;162;336;.;.;.
823932;305;657;305;657;.;.;.
823939;348;693;348;693;.;.;.
823946;32;81;32;81;.;.;.
823953;418;954;418;954;.;.;.
823960;208;452;208;452;.;.;.
823967;620;1.343;620;1.343;.;.;.
823974;1.077;2.522;1.076;2.505;1;17;.
823981;308;802;308;802;.;.;.
823988;424;990;424;990;.;.;.
823995;1.208;2.751;1.207;2.729;1;22;.
824002;690;1.543;690;1.543;.;.;.
824009;1.469;3.574;1.468;3.566;1;8;.
824016;2.406;6.003;2.402;5.964;4;39;.
824023;1.281;3.113;1.278;3.067;3;46;.
824030;2.370;6.469;2.367;6.437;3;32;.
824037;1.046;2.269;1.045;2.254;1;15;.
824044;2.421;5.649;2.417;5.616;4;33;.
824051;2.383;6.111;2.373;5.961;10;150;.
824058;328;777;328;777;.;.;.
824065;331;755;331;755;.;.;.
824072;630;1.430;628;1.414;2;16;.
824079;177;454;177;454;.;.;.
824086;643;1.517;642;1.502;1;15;.
824093;111;308;111;308;.;.;.
824100;422;952;422;952;.;.;.
824107;514;1.333;514;1.333;.;.;.
824114;1.532;3.597;1.530;3.569;2;28;.
824121;1.547;3.642;1.546;3.622;1;20;.
824128;1.238;3.048;1.237;3.047;1;1;.
824135;65;195;64;186;1;9;.
824142;366;914;366;914;.;.;.
824149;1.416;3.510;1.411;3.493;5;17;.
824156;754;1.919;751;1.912;3;7;.
824163;168;443;168;443;.;.;.
824170;512;1.469;510;1.408;2;61;.
824177;1.102;2.789;1.096;2.719;6;70;.
824184;433;1.227;431;1.206;2;21;.
824188;171;495;171;495;.;.;.
824191;1.819;4.900;1.817;4.566;2;334;.
824198;658;1.860;655;1.848;3;12;.
824205;386;924;386;924;.;.;.
860000;62.177;189.438;62.172;188.679;5;758;1
860007;2.300;5.483;2.298;5.472;2;11;.
860014;2.765;8.323;2.765;8.323;.;.;.
860021;1.935;5.600;1.934;5.591;1;9;.
860028;1.529;5.020;1.529;5.020;.;.;.
860035;3.974;12.625;3.973;12.613;1;12;.
860042;39.702;128.834;39.692;128.601;10;211;22
860049;2.850;8.516;2.849;8.512;1;4;.
860056;101.409;311.487;101.355;310.201;54;1.258;28
860063;5.879;17.418;5.874;17.330;5;88;.
860070;2.388;6.432;2.388;6.432;.;.;.
860077;11.876;33.605;11.869;33.564;7;41;.
860084;9.068;30.026;9.062;29.892;6;134;.
860091;1.713;5.406;1.709;5.336;4;70;.
860098;998;2.956;997;2.952;1;4;.
860105;1.556;4.717;1.555;4.714;1;3;.
860112;2.665;9.308;2.660;9.289;5;19;.
860119;4.494;14.642;4.490;14.629;4;13;.
860126;5.730;19.299;5.719;19.195;11;104;.
860133;1.802;6.524;1.802;6.524;.;.;.
860140;3.197;8.335;3.192;8.236;5;99;.
860147;3.014;8.413;3.014;8.413;.;.;.
860154;2.478;7.996;2.476;7.978;2;18;.
860161;12.682;38.870;12.629;38.753;53;117;.
860168;1.375;3.547;1.374;3.546;1;1;.
860175;2.448;8.188;2.444;8.175;4;13;.
860182;4.552;14.791;4.548;14.772;4;19;.
860189;2.307;7.199;2.306;7.194;1;5;.
860196;1.335;3.302;1.333;3.290;2;12;.
866007;586;1.355;586;1.355;.;.;.
866014;1.379;4.203;1.379;4.203;.;.;.
866021;223;813;223;813;.;.;.
866024;57;133;57;133;.;.;.
866026;39;146;39;146;.;.;.
866028;385;1.176;385;1.176;.;.;.
866035;1.095;3.283;1.094;3.277;1;6;.
866042;1.087;3.146;1.086;3.140;1;6;.
866049;640;1.812;640;1.812;.;.;.
866056;716;2.396;716;2.396;.;.;.
866063;834;2.929;834;2.929;.;.;.
866070;823;2.649;823;2.649;.;.;.
866077;224;596;224;596;.;.;.
866084;342;961;342;961;.;.;.
866091;790;2.122;790;2.122;.;.;.
866098;550;1.568;550;1.568;.;.;.
866105;632;1.876;632;1.876;.;.;.
866112;286;892;286;892;.;.;.
866119;430;1.247;429;1.244;1;3;.
866126;423;1.246;420;1.230;3;16;.
866133;758;2.323;757;2.319;1;4;.
866140;242;885;242;885;.;.;.
866147;838;1.954;838;1.954;.;.;.
866154;1.051;2.974;1.051;2.974;.;.;.
866161;415;1.199;414;1.193;1;6;.
866168;413;1.019;413;1.019;.;.;.
866175;536;1.796;535;1.793;1;3;.
866182;610;2.220;610;2.220;.;.;.
866183;202;808;202;808;.;.;.
866184;98;337;98;337;.;.;.
866185;88;286;88;286;.;.;.
866186;45;132;45;132;.;.;.
866187;189;595;189;595;.;.;.
866189;329;719;329;719;.;.;.
866196;643;2.402;643;2.402;.;.;.
866200;172;532;172;532;.;.;.
866203;956;2.481;953;2.472;3;9;.
866210;781;2.170;781;2.170;.;.;.
866217;334;971;334;971;.;.;.
866224;210;670;210;670;.;.;.
866231;70;199;70;199;.;.;.
866238;145;332;145;332;.;.;.
866245;1.549;4.979;1.547;4.975;2;4;.
866252;442;1.494;442;1.494;.;.;.
866259;316;783;316;783;.;.;.
866266;565;1.442;565;1.442;.;.;.
866273;1.052;3.155;1.051;3.150;1;5;.
866280;558;1.633;558;1.633;.;.;.
866287;970;3.034;969;3.030;1;4;.
866294;540;1.831;540;1.831;.;.;.
866301;646;1.973;646;1.973;.;.;.
866308;52;136;52;136;.;.;.
866315;85;248;85;248;.;.;.
866322;267;961;267;961;.;.;.
866325;52;146;52;146;.;.;.
866329;186;550;186;550;.;.;.
866336;840;1.990;839;1.988;1;2;.
866340;3;10;3;10;.;.;.
866342;96;303;96;303;.;.;.
866343;108;404;108;404;.;.;.
866350;167;543;167;541;.;.;2
866357;9;29;9;29;.;.;.
866364;152;446;152;446;.;.;.
866368;117;360;117;360;.;.;.
866371;268;974;268;972;.;.;2
866378;279;983;279;983;.;.;.
866382;14;48;14;48;.;.;.
866385;76;215;76;215;.;.;.
866388;292;1.007;292;1.007;.;.;.
866390;82;227;82;227;.;.;.
866391;64;233;64;233;.;.;.
866392;223;558;223;558;.;.;.
866394;162;502;162;502;.;.;.
866396;38;102;38;102;.;.;.
866399;2.443;5.270;2.443;5.270;.;.;.
866403;351;630;351;630;.;.;.
866405;35;129;35;129;.;.;.
866406;331;1.030;331;1.030;.;.;.
866413;365;832;365;832;.;.;.
866420;19;50;19;50;.;.;.
866424;312;954;312;954;.;.;.
866427;107;293;106;289;1;4;.
866431;655;2.161;655;2.161;.;.;.
866434;198;707;198;707;.;.;.
866438;44;137;44;137;.;.;.
866441;90;221;90;221;.;.;.
866448;192;565;192;565;.;.;.
866455;530;1.715;530;1.715;.;.;.
866459;129;414;129;414;.;.;.
866462;61;167;61;167;.;.;.
866469;159;489;159;489;.;.;.
866474;145;337;145;337;.;.;.
866476;132;331;132;331;.;.;.
866483;652;2.198;652;2.198;.;.;.
866487;83;155;83;155;.;.;.
866490;275;873;275;873;.;.;.
866497;12;45;12;45;.;.;.
866501;119;488;119;488;.;.;.
866504;49;165;49;165;.;.;.
866505;126;434;126;434;.;.;.
866507;130;525;130;525;.;.;.
866509;177;753;177;753;.;.;.
866511;223;916;222;912;1;4;.
866515;165;553;165;553;.;.;.
866518;217;644;217;644;.;.;.
866525;184;682;184;682;.;.;.
866527;83;371;83;371;.;.;.
866528;179;494;179;494;.;.;.
866529;54;190;54;190;.;.;.
866532;300;823;300;823;.;.;.
866539;266;800;266;800;.;.;.
866546;100;264;100;264;.;.;.
866553;617;1.748;617;1.748;.;.;.
866555;115;419;115;419;.;.;.
866557;41;85;41;85;.;.;.
866560;137;402;137;402;.;.;.
866564;216;579;216;579;.;.;.
866565;132;379;132;379;.;.;.
866574;293;972;293;972;.;.;.
866576;8;18;8;18;.;.;.
866578;57;189;57;189;.;.;.
866579;86;266;86;266;.;.;.
866581;721;1.904;721;1.904;.;.;.
866585;125;425;125;425;.;.;.
866588;452;1.247;452;1.247;.;.;.
866590;454;1.154;454;1.154;.;.;.
866594;178;632;178;632;.;.;.
866595;94;309;94;309;.;.;.
866599;73;188;73;188;.;.;.
866602;41;124;41;124;.;.;.
866604;90;231;90;231;.;.;.
866606;42;129;42;129;.;.;.
866609;157;544;157;544;.;.;.
866613;112;231;112;231;.;.;.
866616;235;784;235;784;.;.;.
866620;110;281;110;281;.;.;.
866623;225;709;225;709;.;.;.
900000;1.212;3.327;1.212;3.327;.;.;.
900007;1.394;4.441;1.393;4.438;1;3;.
900014;205.916;601.888;205.837;598.835;79;2.971;82
900021;18.786;68.399;18.784;68.363;2;36;.
900028;21.937;77.962;21.929;77.678;8;284;.
900035;17.252;58.104;17.250;57.834;2;270;.
900042;11.944;42.702;11.939;42.669;5;33;.
900049;2.058;6.869;2.057;6.868;1;1;.
900056;9.251;28.770;9.250;28.749;1;21;.
900063;2.923;9.751;2.922;9.729;1;22;.
900070;6.031;21.562;6.030;21.557;1;5;.
900077;10.776;37.566;10.772;37.503;4;63;.
900084;9.951;32.081;9.946;31.999;5;82;.
900091;12.457;40.668;12.456;40.634;1;34;.
900098;3.769;13.241;3.768;13.217;1;24;.
900105;4.635;8.830;4.617;8.781;18;49;.
900112;19.652;69.605;19.651;69.583;1;22;.
900119;24.000;85.578;23.999;85.529;1;49;.
900126;3.566;10.909;3.566;10.909;.;.;.
900133;24.502;82.277;24.495;82.125;7;152;.
908007;424;1.174;424;1.174;.;.;.
908014;2.552;9.246;2.551;9.239;1;7;.
908021;815;2.872;815;2.872;.;.;.
908028;701;2.029;701;2.029;.;.;.
908035;1.693;4.606;1.693;4.606;.;.;.
908042;1.391;4.920;1.391;4.920;.;.;.
908049;1.093;3.577;1.093;3.577;.;.;.
908056;1.913;6.723;1.913;6.723;.;.;.
908063;1.349;4.602;1.348;4.595;1;7;.
908070;632;1.286;632;1.286;.;.;.
908077;2.609;9.771;2.609;9.771;.;.;.
908084;2.983;11.212;2.982;11.186;1;26;.
908091;1.481;4.858;1.480;4.843;1;15;.
908098;786;2.451;786;2.451;.;.;.
908105;1.883;6.876;1.882;6.854;1;22;.
908112;1.048;3.223;1.048;3.223;.;.;.
908119;772;2.149;772;2.149;.;.;.
908126;699;2.292;699;2.292;.;.;.
908133;574;2.024;574;2.024;.;.;.
908140;3.342;11.943;3.341;11.942;1;1;.
908147;4.248;14.249;4.248;14.249;.;.;.
908154;3.676;10.668;3.675;10.663;1;5;.
908161;1.785;5.875;1.785;5.875;.;.;.
908168;1.931;6.852;1.931;6.852;.;.;.
908175;2.541;8.233;2.541;8.233;.;.;.
908182;859;2.796;859;2.796;.;.;.
908189;2.006;7.135;2.004;7.110;2;25;.
908196;1.009;3.613;1.007;3.608;2;5;.
908203;2.009;5.323;2.009;5.323;.;.;.
908210;1.294;3.348;1.294;3.348;.;.;.
908217;252;433;252;433;.;.;.
908224;1.032;3.320;1.032;3.320;.;.;.
908231;1.458;5.094;1.458;5.094;.;.;.
908238;211;697;211;697;.;.;.
908245;390;1.245;390;1.245;.;.;.
908252;389;1.367;389;1.367;.;.;.
908259;834;2.205;834;2.205;.;.;.
908266;291;664;291;664;.;.;.
908273;908;2.756;908;2.756;.;.;.
908280;706;2.331;706;2.331;.;.;.
908287;1.385;3.644;1.385;3.644;.;.;.
908294;1.297;4.346;1.297;4.346;.;.;.
908301;240;753;240;753;.;.;.
908308;671;2.041;671;2.041;.;.;.
908315;1.337;3.872;1.337;3.872;.;.;.
908322;557;1.948;557;1.948;.;.;.
908329;2.358;7.642;2.358;7.642;.;.;.
908336;1.244;3.781;1.244;3.781;.;.;.
908343;2.301;7.401;2.300;7.397;1;4;.
908350;1.258;4.030;1.255;3.999;3;31;.
908357;5.987;21.201;5.986;21.192;1;9;.
908364;1.454;4.548;1.453;4.532;1;16;.
908371;4.652;16.123;4.652;16.123;.;.;.
908378;1.562;5.046;1.562;5.046;.;.;.
908385;450;1.358;450;1.358;.;.;.
908392;322;1.065;322;1.065;.;.;.
908399;570;1.788;570;1.788;.;.;.
908406;3.029;9.935;3.029;9.935;.;.;.
908413;329;799;329;799;.;.;.
908420;2.168;7.630;2.168;7.630;.;.;.
908427;2.084;7.534;2.084;7.534;.;.;.
908434;243;736;243;736;.;.;.
908441;321;1.169;321;1.169;.;.;.
908448;357;1.265;357;1.265;.;.;.
908455;2.090;7.145;2.090;7.145;.;.;.
908462;399;1.260;399;1.260;.;.;.
908469;2.022;6.764;2.021;6.763;1;1;.
908476;287;911;287;911;.;.;.
908483;4.399;15.009;4.399;15.009;.;.;.
908490;702;1.883;702;1.883;.;.;.
908497;817;2.890;817;2.890;.;.;.
908504;351;1.187;351;1.187;.;.;.
908511;538;1.484;538;1.484;.;.;.
908518;918;2.877;917;2.874;1;3;.
908525;596;1.698;596;1.698;.;.;.
908532;863;2.243;863;2.243;.;.;.
908539;621;2.115;621;2.115;.;.;.
908546;728;2.192;728;2.192;.;.;.
908553;785;2.620;785;2.620;.;.;.
908560;910;2.543;910;2.543;.;.;.
908567;2.621;4.320;2.619;4.311;2;9;.
908574;1.203;2.252;1.203;2.252;.;.;.
908581;5.836;7.038;5.836;7.038;.;.;.
908588;2.681;4.519;2.681;4.519;.;.;.
908595;115;404;112;375;3;29;.
908602;1.795;2.991;1.794;2.982;1;9;.
908609;689;1.907;689;1.907;.;.;.
908616;2.465;7.982;2.465;7.982;.;.;.
908623;1.357;3.481;1.356;3.458;1;23;.
908630;4.691;6.892;4.685;6.859;6;33;.
908637;795;2.212;795;2.212;.;.;.
908644;6.652;21.527;6.652;21.527;.;.;.
908651;474;1.251;474;1.251;.;.;.
940000;581;1.197;574;1.104;7;93;.
940007;35.894;98.794;35.872;98.475;22;319;.
940014;30.606;79.898;30.567;79.548;39;350;.
940021;2.752;5.843;2.744;5.831;8;12;.
;;;;;;;
Fuente: INDEC, Censo Nacional de Población, Hogares y Viviendas 2022. Resultados definitivos.;;;;;;;
Signos convencionales:;;;;;;;
 Cero absoluto;;;;;;;
;;;;;;;
Este archivo fue reemplazado el 03/06/2026. Se actualizaron valores a partir de correcciones de asignación en las bases definitivas del CNPHV 2022.;;;;;;;
