issue_type;codgl;territory_id;province_code;province_name;local_government_name;category_code;category_label;viviendas_total;poblacion_total;viviendas_particulares;poblacion_viviendas_particulares;viviendas_colectivas;poblacion_viviendas_colectivas;poblacion_situacion_calle;geometry_name;geometry_parent_id;possible_counterpart_codgl;possible_counterpart_territory_id;possible_counterpart_name;diagnostic;source
population_without_loaded_municipality_geometry;140000;municipio_140000;14;Córdoba;Sin Gobierno Local;;area sin gobierno local;40958;70934;40936;65554;22;5380;;;;;;;"INDEC no-local-government coverage area; not a municipal polygon";C:\Users\Administrator\Downloads\c2022_tp_gobierno_local_c1.xlsx
population_without_loaded_municipality_geometry;189998;municipio_189998;18;Corrientes;Indeterminado;;area indeterminada;538;1448;538;1448;;;;;;;;;"INDEC indeterminate local-government area; no reliable municipality polygon match";C:\Users\Administrator\Downloads\c2022_tp_gobierno_local_c1.xlsx
population_without_loaded_municipality_geometry;220165;municipio_220165;22;Chaco;El Espinillo;M3;municipio de 3a categoria;623;1538;621;1526;2;12;;;;;;;INDEC local government exists, but no loaded municipality geometry has this CODGL;C:\Users\Administrator\Downloads\c2022_tp_gobierno_local_c1.xlsx
population_without_loaded_municipality_geometry;260000;municipio_260000;26;Chubut;Sin Gobierno Local;;area sin gobierno local;3705;5339;3696;5057;9;282;;;;;;;"INDEC no-local-government coverage area; not a municipal polygon";C:\Users\Administrator\Downloads\c2022_tp_gobierno_local_c1.xlsx
population_without_loaded_municipality_geometry;268140;municipio_268140;26;Chubut;Aldea Apeleg;CR;comuna rural de unica categoria;75;142;74;137;1;5;;;;;;;INDEC local government exists, but no loaded municipality geometry has this CODGL;C:\Users\Administrator\Downloads\c2022_tp_gobierno_local_c1.xlsx
population_without_loaded_municipality_geometry;300000;municipio_300000;30;Entre Ríos;Sin Gobierno Local;;area sin gobierno local;8734;17851;8724;17749;10;102;;;;;;;"INDEC no-local-government coverage area; not a municipal polygon";C:\Users\Administrator\Downloads\c2022_tp_gobierno_local_c1.xlsx
population_without_loaded_municipality_geometry;300011;municipio_300011;30;Entre Ríos;Pueblo Liebig;MU;municipio de unica categoria;547;1641;547;1641;;;;;;309030;municipio_309030;Pueblo Liebig;"Same province/name exists in loaded geometry with a different CODGL; review code crosswalk before treating as missing geometry";C:\Users\Administrator\Downloads\c2022_tp_gobierno_local_c1.xlsx
population_without_loaded_municipality_geometry;300074;municipio_300074;30;Entre Ríos;Aldea Brasilera;MU;municipio de unica categoria;937;1322;937;1322;;;;;;309075;municipio_309075;Aldea Brasilera;"Same province/name exists in loaded geometry with a different CODGL; review code crosswalk before treating as missing geometry";C:\Users\Administrator\Downloads\c2022_tp_gobierno_local_c1.xlsx
population_without_loaded_municipality_geometry;300291;municipio_300291;30;Entre Ríos;Aldea María Luisa;MU;municipio de unica categoria;546;1394;545;1384;1;10;;;;;;;INDEC local government exists, but no loaded municipality geometry has this CODGL;C:\Users\Administrator\Downloads\c2022_tp_gobierno_local_c1.xlsx
population_without_loaded_municipality_geometry;300305;municipio_300305;30;Entre Ríos;El Pingo;MU;municipio de unica categoria;452;1166;452;1166;;;;;;309680;municipio_309680;El Pingo;"Same province/name exists in loaded geometry with a different CODGL; review code crosswalk before treating as missing geometry";C:\Users\Administrator\Downloads\c2022_tp_gobierno_local_c1.xlsx
population_without_loaded_municipality_geometry;300340;municipio_300340;30;Entre Ríos;Pueblo Brugo;MU;municipio de unica categoria;504;1234;502;1204;2;30;;;;309720;municipio_309720;Pueblo Brugo;"Same province/name exists in loaded geometry with a different CODGL; review code crosswalk before treating as missing geometry";C:\Users\Administrator\Downloads\c2022_tp_gobierno_local_c1.xlsx
population_without_loaded_municipality_geometry;309029;municipio_309029;30;Entre Ríos;San Miguel;JG2;junta de gobierno de 2a categoria;198;503;198;503;;;;;;309005;municipio_309005;San Miguel;"Same province/name exists in loaded geometry with a different CODGL; review code crosswalk before treating as missing geometry";C:\Users\Administrator\Downloads\c2022_tp_gobierno_local_c1.xlsx
population_without_loaded_municipality_geometry;345035;municipio_345035;34;Formosa;Pozo de Maza;CF;comision de fomento de unica categoria;1606;6029;1602;5979;4;50;;;;;;;"INDEC commission-of-fomento local government; not present in loaded municipality geometry";C:\Users\Administrator\Downloads\c2022_tp_gobierno_local_c1.xlsx
population_without_loaded_municipality_geometry;580000;municipio_580000;58;Neuquén;Sin Gobierno Local;;area sin gobierno local;9393;16221;9385;16146;8;75;;;;;;;"INDEC no-local-government coverage area; not a municipal polygon";C:\Users\Administrator\Downloads\c2022_tp_gobierno_local_c1.xlsx
population_without_loaded_municipality_geometry;620000;municipio_620000;62;Río Negro;Sin Gobierno Local;;area sin gobierno local;2580;3993;2578;3983;2;10;;;;;;;"INDEC no-local-government coverage area; not a municipal polygon";C:\Users\Administrator\Downloads\c2022_tp_gobierno_local_c1.xlsx
population_without_loaded_municipality_geometry;625014;municipio_625014;62;Río Negro;Fuerte San Javier;CF;comision de fomento de unica categoria;830;2100;830;2100;;;;;;;;;"INDEC commission-of-fomento local government; not present in loaded municipality geometry";C:\Users\Administrator\Downloads\c2022_tp_gobierno_local_c1.xlsx
population_without_loaded_municipality_geometry;625028;municipio_625028;62;Río Negro;El Manso;CF;comision de fomento de unica categoria;387;851;387;851;;;;;;;;;"INDEC commission-of-fomento local government; not present in loaded municipality geometry";C:\Users\Administrator\Downloads\c2022_tp_gobierno_local_c1.xlsx
population_without_loaded_municipality_geometry;625035;municipio_625035;62;Río Negro;Paso Flores;CF;comision de fomento de unica categoria;49;125;49;125;;;;;;;;;"INDEC commission-of-fomento local government; not present in loaded municipality geometry";C:\Users\Administrator\Downloads\c2022_tp_gobierno_local_c1.xlsx
population_without_loaded_municipality_geometry;625042;municipio_625042;62;Río Negro;Villa Llanquín;CF;comision de fomento de unica categoria;118;264;118;264;;;;;;;;;"INDEC commission-of-fomento local government; not present in loaded municipality geometry";C:\Users\Administrator\Downloads\c2022_tp_gobierno_local_c1.xlsx
population_without_loaded_municipality_geometry;625049;municipio_625049;62;Río Negro;Villa Mascardi;CF;comision de fomento de unica categoria;48;92;48;92;;;;;;;;;"INDEC commission-of-fomento local government; not present in loaded municipality geometry";C:\Users\Administrator\Downloads\c2022_tp_gobierno_local_c1.xlsx
population_without_loaded_municipality_geometry;625056;municipio_625056;62;Río Negro;El Cuy;CF;comision de fomento de unica categoria;478;609;478;609;;;;;;;;;"INDEC commission-of-fomento local government; not present in loaded municipality geometry";C:\Users\Administrator\Downloads\c2022_tp_gobierno_local_c1.xlsx
population_without_loaded_municipality_geometry;625063;municipio_625063;62;Río Negro;Cerro Policía;CF;comision de fomento de unica categoria;227;284;227;284;;;;;;;;;"INDEC commission-of-fomento local government; not present in loaded municipality geometry";C:\Users\Administrator\Downloads\c2022_tp_gobierno_local_c1.xlsx
population_without_loaded_municipality_geometry;625070;municipio_625070;62;Río Negro;Mencué;CF;comision de fomento de unica categoria;186;344;186;344;;;;;;;;;"INDEC commission-of-fomento local government; not present in loaded municipality geometry";C:\Users\Administrator\Downloads\c2022_tp_gobierno_local_c1.xlsx
population_without_loaded_municipality_geometry;625077;municipio_625077;62;Río Negro;Aguada Guzmán;CF;comision de fomento de unica categoria;120;186;120;186;;;;;;;;;"INDEC commission-of-fomento local government; not present in loaded municipality geometry";C:\Users\Administrator\Downloads\c2022_tp_gobierno_local_c1.xlsx
population_without_loaded_municipality_geometry;625084;municipio_625084;62;Río Negro;Chelforó;CF;comision de fomento de unica categoria;52;86;52;86;;;;;;;;;"INDEC commission-of-fomento local government; not present in loaded municipality geometry";C:\Users\Administrator\Downloads\c2022_tp_gobierno_local_c1.xlsx
population_without_loaded_municipality_geometry;625098;municipio_625098;62;Río Negro;Naupa Huen;CF;comision de fomento de unica categoria;110;292;110;292;;;;;;;;;"INDEC commission-of-fomento local government; not present in loaded municipality geometry";C:\Users\Administrator\Downloads\c2022_tp_gobierno_local_c1.xlsx
population_without_loaded_municipality_geometry;625105;municipio_625105;62;Río Negro;Peñas Blancas;CF;comision de fomento de unica categoria;225;413;225;413;;;;;;;;;"INDEC commission-of-fomento local government; not present in loaded municipality geometry";C:\Users\Administrator\Downloads\c2022_tp_gobierno_local_c1.xlsx
population_without_loaded_municipality_geometry;625112;municipio_625112;62;Río Negro;Valle Azul;CF;comision de fomento de unica categoria;350;889;350;889;;;;;;;;;"INDEC commission-of-fomento local government; not present in loaded municipality geometry";C:\Users\Administrator\Downloads\c2022_tp_gobierno_local_c1.xlsx
population_without_loaded_municipality_geometry;625119;municipio_625119;62;Río Negro;Rincón Treneta;CF;comision de fomento de unica categoria;94;128;94;128;;;;;;;;;"INDEC commission-of-fomento local government; not present in loaded municipality geometry";C:\Users\Administrator\Downloads\c2022_tp_gobierno_local_c1.xlsx
population_without_loaded_municipality_geometry;625126;municipio_625126;62;Río Negro;Yaminué;CF;comision de fomento de unica categoria;75;121;75;121;;;;;;;;;"INDEC commission-of-fomento local government; not present in loaded municipality geometry";C:\Users\Administrator\Downloads\c2022_tp_gobierno_local_c1.xlsx
population_without_loaded_municipality_geometry;625133;municipio_625133;62;Río Negro;Pichi Mahuida;CF;comision de fomento de unica categoria;12;9;12;9;;;;;;;;;"INDEC commission-of-fomento local government; not present in loaded municipality geometry";C:\Users\Administrator\Downloads\c2022_tp_gobierno_local_c1.xlsx
population_without_loaded_municipality_geometry;625140;municipio_625140;62;Río Negro;Pilquiniyeu del Limay;CF;comision de fomento de unica categoria;40;65;40;65;;;;;;;;;"INDEC commission-of-fomento local government; not present in loaded municipality geometry";C:\Users\Administrator\Downloads\c2022_tp_gobierno_local_c1.xlsx
population_without_loaded_municipality_geometry;625147;municipio_625147;62;Río Negro;Arroyo Los Berros;CF;comision de fomento de unica categoria;117;171;117;171;;;;;;;;;"INDEC commission-of-fomento local government; not present in loaded municipality geometry";C:\Users\Administrator\Downloads\c2022_tp_gobierno_local_c1.xlsx
population_without_loaded_municipality_geometry;625154;municipio_625154;62;Río Negro;Arroyo Ventana;CF;comision de fomento de unica categoria;103;85;103;85;;;;;;;;;"INDEC commission-of-fomento local government; not present in loaded municipality geometry";C:\Users\Administrator\Downloads\c2022_tp_gobierno_local_c1.xlsx
population_without_loaded_municipality_geometry;625161;municipio_625161;62;Río Negro;Cona Niyeu;CF;comision de fomento de unica categoria;186;183;186;183;;;;;;;;;"INDEC commission-of-fomento local government; not present in loaded municipality geometry";C:\Users\Administrator\Downloads\c2022_tp_gobierno_local_c1.xlsx
population_without_loaded_municipality_geometry;625168;municipio_625168;62;Río Negro;Aguada Cecilio;CF;comision de fomento de unica categoria;51;120;51;120;;;;;;;;;"INDEC commission-of-fomento local government; not present in loaded municipality geometry";C:\Users\Administrator\Downloads\c2022_tp_gobierno_local_c1.xlsx
population_without_loaded_municipality_geometry;625175;municipio_625175;62;Río Negro;Chipauquil;CF;comision de fomento de unica categoria;42;80;42;80;;;;;;;;;"INDEC commission-of-fomento local government; not present in loaded municipality geometry";C:\Users\Administrator\Downloads\c2022_tp_gobierno_local_c1.xlsx
population_without_loaded_municipality_geometry;625182;municipio_625182;62;Río Negro;Nahuel Niyeu;CF;comision de fomento de unica categoria;54;57;54;57;;;;;;;;;"INDEC commission-of-fomento local government; not present in loaded municipality geometry";C:\Users\Administrator\Downloads\c2022_tp_gobierno_local_c1.xlsx
population_without_loaded_municipality_geometry;625189;municipio_625189;62;Río Negro;Sierra Pailemán;CF;comision de fomento de unica categoria;64;100;64;100;;;;;;;;;"INDEC commission-of-fomento local government; not present in loaded municipality geometry";C:\Users\Administrator\Downloads\c2022_tp_gobierno_local_c1.xlsx
population_without_loaded_municipality_geometry;625196;municipio_625196;62;Río Negro;Aguada de Guerra;CF;comision de fomento de unica categoria;126;265;125;262;1;3;;;;;;;"INDEC commission-of-fomento local government; not present in loaded municipality geometry";C:\Users\Administrator\Downloads\c2022_tp_gobierno_local_c1.xlsx
population_without_loaded_municipality_geometry;625203;municipio_625203;62;Río Negro;Colán Conhué;CF;comision de fomento de unica categoria;46;84;46;84;;;;;;;;;"INDEC commission-of-fomento local government; not present in loaded municipality geometry";C:\Users\Administrator\Downloads\c2022_tp_gobierno_local_c1.xlsx
population_without_loaded_municipality_geometry;625210;municipio_625210;62;Río Negro;Comicó;CF;comision de fomento de unica categoria;98;109;98;109;;;;;;;;;"INDEC commission-of-fomento local government; not present in loaded municipality geometry";C:\Users\Administrator\Downloads\c2022_tp_gobierno_local_c1.xlsx
population_without_loaded_municipality_geometry;625217;municipio_625217;62;Río Negro;Clemente Onelli;CF;comision de fomento de unica categoria;63;167;62;162;1;5;;;;;;;"INDEC commission-of-fomento local government; not present in loaded municipality geometry";C:\Users\Administrator\Downloads\c2022_tp_gobierno_local_c1.xlsx
population_without_loaded_municipality_geometry;625224;municipio_625224;62;Río Negro;El Caín;CF;comision de fomento de unica categoria;161;384;161;384;;;;;;;;;"INDEC commission-of-fomento local government; not present in loaded municipality geometry";C:\Users\Administrator\Downloads\c2022_tp_gobierno_local_c1.xlsx
population_without_loaded_municipality_geometry;625231;municipio_625231;62;Río Negro;Laguna Blanca;CF;comision de fomento de unica categoria;59;99;59;99;;;;;;;;;"INDEC commission-of-fomento local government; not present in loaded municipality geometry";C:\Users\Administrator\Downloads\c2022_tp_gobierno_local_c1.xlsx
population_without_loaded_municipality_geometry;625238;municipio_625238;62;Río Negro;Mamuel Choique;CF;comision de fomento de unica categoria;120;142;120;142;;;;;;;;;"INDEC commission-of-fomento local government; not present in loaded municipality geometry";C:\Users\Administrator\Downloads\c2022_tp_gobierno_local_c1.xlsx
population_without_loaded_municipality_geometry;625245;municipio_625245;62;Río Negro;Ojos de Agua;CF;comision de fomento de unica categoria;117;137;117;137;;;;;;;;;"INDEC commission-of-fomento local government; not present in loaded municipality geometry";C:\Users\Administrator\Downloads\c2022_tp_gobierno_local_c1.xlsx
population_without_loaded_municipality_geometry;625252;municipio_625252;62;Río Negro;Pilquiniyeu;CF;comision de fomento de unica categoria;57;94;57;94;;;;;;;;;"INDEC commission-of-fomento local government; not present in loaded municipality geometry";C:\Users\Administrator\Downloads\c2022_tp_gobierno_local_c1.xlsx
population_without_loaded_municipality_geometry;625259;municipio_625259;62;Río Negro;Prahuaniyeu;CF;comision de fomento de unica categoria;102;187;102;187;;;;;;;;;"INDEC commission-of-fomento local government; not present in loaded municipality geometry";C:\Users\Administrator\Downloads\c2022_tp_gobierno_local_c1.xlsx
population_without_loaded_municipality_geometry;625266;municipio_625266;62;Río Negro;Río Chico;CF;comision de fomento de unica categoria;196;367;196;367;;;;;;;;;"INDEC commission-of-fomento local government; not present in loaded municipality geometry";C:\Users\Administrator\Downloads\c2022_tp_gobierno_local_c1.xlsx
population_without_loaded_municipality_geometry;740000;municipio_740000;74;San Luis;Sin Gobierno Local;;area sin gobierno local;9501;19107;9495;18829;6;278;;;;;;;"INDEC no-local-government coverage area; not a municipal polygon";C:\Users\Administrator\Downloads\c2022_tp_gobierno_local_c1.xlsx
population_without_loaded_municipality_geometry;740073;municipio_740073;74;San Luis;Nación Ranquel;MU;municipio de unica categoria;22;65;22;65;;;;;;;;;INDEC local government exists, but no loaded municipality geometry has this CODGL;C:\Users\Administrator\Downloads\c2022_tp_gobierno_local_c1.xlsx
population_without_loaded_municipality_geometry;780000;municipio_780000;78;Santa Cruz;Sin Gobierno Local;;area sin gobierno local;2223;3151;2217;2994;6;91;66;;;;;;"INDEC no-local-government coverage area; not a municipal polygon";C:\Users\Administrator\Downloads\c2022_tp_gobierno_local_c1.xlsx
population_without_loaded_municipality_geometry;860000;municipio_860000;86;Santiago del Estero;Sin Gobierno Local;;area sin gobierno local;62177;189438;62172;188679;5;758;1;;;;;;"INDEC no-local-government coverage area; not a municipal polygon";C:\Users\Administrator\Downloads\c2022_tp_gobierno_local_c1.xlsx
population_without_loaded_municipality_geometry;900000;municipio_900000;90;Tucumán;Sin Gobierno Local;;area sin gobierno local;1212;3327;1212;3327;;;;;;;;;"INDEC no-local-government coverage area; not a municipal polygon";C:\Users\Administrator\Downloads\c2022_tp_gobierno_local_c1.xlsx
population_without_loaded_municipality_geometry;940000;municipio_940000;94;Tierra del Fuego, Antártida eIslas del Atlántico Sur;Sin Gobierno Local;;area sin gobierno local;581;1197;574;1104;7;93;;;;;;;"INDEC no-local-government coverage area; not a municipal polygon";C:\Users\Administrator\Downloads\c2022_tp_gobierno_local_c1.xlsx
loaded_municipality_geometry_without_population;302035;municipio_302035;30;Entre Rios;;;;;;;;;;;La Clarita;provincia_30;;;;Loaded municipality geometry has no matching INDEC local-government population row;loaded atlas municipality geometry
loaded_municipality_geometry_without_population;302308;municipio_302308;30;Entre Rios;;;;;;;;;;;Nueva Vizcaya;provincia_30;;;;Loaded municipality geometry has no matching INDEC local-government population row;loaded atlas municipality geometry
loaded_municipality_geometry_without_population;303168;municipio_303168;30;Entre Rios;;;;;;;;;;;Líbaros;provincia_30;;;;Loaded municipality geometry has no matching INDEC local-government population row;loaded atlas municipality geometry
loaded_municipality_geometry_without_population;303196;municipio_303196;30;Entre Rios;;;;;;;;;;;Antelo;provincia_30;;;;Loaded municipality geometry has no matching INDEC local-government population row;loaded atlas municipality geometry
loaded_municipality_geometry_without_population;309005;municipio_309005;30;Entre Rios;;;;;;;;;;;San Miguel;provincia_30;309029;municipio_309029;San Miguel;"Same province/name exists in INDEC population rows with a different CODGL; review code crosswalk before treating as extra geometry";loaded atlas municipality geometry
loaded_municipality_geometry_without_population;309030;municipio_309030;30;Entre Rios;;;;;;;;;;;Pueblo Liebig;provincia_30;300011;municipio_300011;Pueblo Liebig;"Same province/name exists in INDEC population rows with a different CODGL; review code crosswalk before treating as extra geometry";loaded atlas municipality geometry
loaded_municipality_geometry_without_population;309075;municipio_309075;30;Entre Rios;;;;;;;;;;;Aldea Brasilera;provincia_30;300074;municipio_300074;Aldea Brasilera;"Same province/name exists in INDEC population rows with a different CODGL; review code crosswalk before treating as extra geometry";loaded atlas municipality geometry
loaded_municipality_geometry_without_population;309165;municipio_309165;30;Entre Rios;;;;;;;;;;;Paraje Guayaquil;provincia_30;;;;Loaded municipality geometry has no matching INDEC local-government population row;loaded atlas municipality geometry
loaded_municipality_geometry_without_population;309210;municipio_309210;30;Entre Rios;;;;;;;;;;;Loma Limpia;provincia_30;;;;Loaded municipality geometry has no matching INDEC local-government population row;loaded atlas municipality geometry
loaded_municipality_geometry_without_population;309225;municipio_309225;30;Entre Rios;;;;;;;;;;;Santa Lucía;provincia_30;;;;Loaded municipality geometry has no matching INDEC local-government population row;loaded atlas municipality geometry
loaded_municipality_geometry_without_population;309235;municipio_309235;30;Entre Rios;;;;;;;;;;;La Esmeralda;provincia_30;;;;Loaded municipality geometry has no matching INDEC local-government population row;loaded atlas municipality geometry
loaded_municipality_geometry_without_population;309240;municipio_309240;30;Entre Rios;;;;;;;;;;;La Hierra;provincia_30;;;;Loaded municipality geometry has no matching INDEC local-government population row;loaded atlas municipality geometry
loaded_municipality_geometry_without_population;309255;municipio_309255;30;Entre Rios;;;;;;;;;;;Las Mulitas;provincia_30;;;;Loaded municipality geometry has no matching INDEC local-government population row;loaded atlas municipality geometry
loaded_municipality_geometry_without_population;309260;municipio_309260;30;Entre Rios;;;;;;;;;;;Mulas Grandes;provincia_30;;;;Loaded municipality geometry has no matching INDEC local-government population row;loaded atlas municipality geometry
loaded_municipality_geometry_without_population;309275;municipio_309275;30;Entre Rios;;;;;;;;;;;Distrito Cuarto;provincia_30;;;;Loaded municipality geometry has no matching INDEC local-government population row;loaded atlas municipality geometry
loaded_municipality_geometry_without_population;309285;municipio_309285;30;Entre Rios;;;;;;;;;;;Distrito Quinto;provincia_30;;;;Loaded municipality geometry has no matching INDEC local-government population row;loaded atlas municipality geometry
loaded_municipality_geometry_without_population;309295;municipio_309295;30;Entre Rios;;;;;;;;;;;Estación Lazo;provincia_30;;;;Loaded municipality geometry has no matching INDEC local-government population row;loaded atlas municipality geometry
loaded_municipality_geometry_without_population;309300;municipio_309300;30;Entre Rios;;;;;;;;;;;González Calderón;provincia_30;;;;Loaded municipality geometry has no matching INDEC local-government population row;loaded atlas municipality geometry
loaded_municipality_geometry_without_population;309305;municipio_309305;30;Entre Rios;;;;;;;;;;;Monte Redondo;provincia_30;;;;Loaded municipality geometry has no matching INDEC local-government population row;loaded atlas municipality geometry
loaded_municipality_geometry_without_population;309310;municipio_309310;30;Entre Rios;;;;;;;;;;;Punta del Monte;provincia_30;;;;Loaded municipality geometry has no matching INDEC local-government population row;loaded atlas municipality geometry
loaded_municipality_geometry_without_population;309325;municipio_309325;30;Entre Rios;;;;;;;;;;;Costa San Antonio;provincia_30;;;;Loaded municipality geometry has no matching INDEC local-government population row;loaded atlas municipality geometry
loaded_municipality_geometry_without_population;309335;municipio_309335;30;Entre Rios;;;;;;;;;;;Costa Uruguay Sur;provincia_30;;;;Loaded municipality geometry has no matching INDEC local-government population row;loaded atlas municipality geometry
loaded_municipality_geometry_without_population;309380;municipio_309380;30;Entre Rios;;;;;;;;;;;Pastor Britos;provincia_30;;;;Loaded municipality geometry has no matching INDEC local-government population row;loaded atlas municipality geometry
loaded_municipality_geometry_without_population;309385;municipio_309385;30;Entre Rios;;;;;;;;;;;Perdices;provincia_30;;;;Loaded municipality geometry has no matching INDEC local-government population row;loaded atlas municipality geometry
loaded_municipality_geometry_without_population;309410;municipio_309410;30;Entre Rios;;;;;;;;;;;Ñancay;provincia_30;;;;Loaded municipality geometry has no matching INDEC local-government population row;loaded atlas municipality geometry
loaded_municipality_geometry_without_population;309435;municipio_309435;30;Entre Rios;;;;;;;;;;;Colonia Oficial N° 13;provincia_30;;;;Loaded municipality geometry has no matching INDEC local-government population row;loaded atlas municipality geometry
loaded_municipality_geometry_without_population;309470;municipio_309470;30;Entre Rios;;;;;;;;;;;Las Toscas;provincia_30;;;;Loaded municipality geometry has no matching INDEC local-government population row;loaded atlas municipality geometry
loaded_municipality_geometry_without_population;309530;municipio_309530;30;Entre Rios;;;;;;;;;;;Crucesitas Séptima;provincia_30;;;;Loaded municipality geometry has no matching INDEC local-government population row;loaded atlas municipality geometry
loaded_municipality_geometry_without_population;309535;municipio_309535;30;Entre Rios;;;;;;;;;;;Crucesitas Tercera;provincia_30;;;;Loaded municipality geometry has no matching INDEC local-government population row;loaded atlas municipality geometry
loaded_municipality_geometry_without_population;309543;municipio_309543;30;Entre Rios;;;;;;;;;;;Distrito Sauce;provincia_30;;;;Loaded municipality geometry has no matching INDEC local-government population row;loaded atlas municipality geometry
loaded_municipality_geometry_without_population;309580;municipio_309580;30;Entre Rios;;;;;;;;;;;Maria Luisa;provincia_30;;;;Loaded municipality geometry has no matching INDEC local-government population row;loaded atlas municipality geometry
loaded_municipality_geometry_without_population;309680;municipio_309680;30;Entre Rios;;;;;;;;;;;El Pingo;provincia_30;300305;municipio_300305;El Pingo;"Same province/name exists in INDEC population rows with a different CODGL; review code crosswalk before treating as extra geometry";loaded atlas municipality geometry
loaded_municipality_geometry_without_population;309720;municipio_309720;30;Entre Rios;;;;;;;;;;;Pueblo Brugo;provincia_30;300340;municipio_300340;Pueblo Brugo;"Same province/name exists in INDEC population rows with a different CODGL; review code crosswalk before treating as extra geometry";loaded atlas municipality geometry
loaded_municipality_geometry_without_population;309830;municipio_309830;30;Entre Rios;;;;;;;;;;;Sauce Sur;provincia_30;;;;Loaded municipality geometry has no matching INDEC local-government population row;loaded atlas municipality geometry
loaded_municipality_geometry_without_population;309900;municipio_309900;30;Entre Rios;;;;;;;;;;;Molino Doll;provincia_30;;;;Loaded municipality geometry has no matching INDEC local-government population row;loaded atlas municipality geometry
loaded_municipality_geometry_without_population;309905;municipio_309905;30;Entre Rios;;;;;;;;;;;Montoya;provincia_30;;;;Loaded municipality geometry has no matching INDEC local-government population row;loaded atlas municipality geometry
loaded_municipality_geometry_without_population;349105;municipio_349105;34;Formosa;;;;;;;;;;;Portón Negro;provincia_34;;;;Loaded municipality geometry has no matching INDEC local-government population row;loaded atlas municipality geometry
loaded_municipality_geometry_without_population;386164;municipio_386164;38;Jujuy;;;;;;;;;;;Jama;provincia_38;;;;Loaded municipality geometry has no matching INDEC local-government population row;loaded atlas municipality geometry
loaded_municipality_geometry_without_population;540199;municipio_540199;54;Misiones;;;;;;;;;;;Fracrán;provincia_54;;;;Loaded municipality geometry has no matching INDEC local-government population row;loaded atlas municipality geometry
